{"type":"FeatureCollection","features":[{"type":"Feature","properties":{"id":5996377,"name":"Portland Avenue","highway":"unclassified"},"geometry":{"type":"LineString","coordinates":[[-93.2582016,44.9804386],[-93.2584353,44.9801193],[-93.2584663,44.9800662]]}},{"type":"Feature","properties":{"id":5997797,"name":"East 18th Street","highway":"residential"},"geometry":{"type":"LineString","coordinates":[[-93.277817,44.965229],[-93.2777005,44.9652288],[-93.2771914,44.9652279],[-93.2771489,44.9652278],[-93.2768488,44.9652273],[-93.276702,44.965227],[-93.2766689,44.9652272],[-93.2766003,44.9652277]]}},{"type":"Feature","properties":{"id":6003261,"name":"South 11th Street","highway":"tertiary"},"geometry":{"type":"LineString","coordinates":[[-93.2695607,44.9703233],[-93.2696945,44.970455],[-93.2697589,44.9705081],[-93.2698393,44.9705612],[-93.2699198,44.9706182],[-93.2700378,44.9706903],[-93.2700881,44.9707163],[-93.2701773,44.9707624]]}},{"type":"Feature","properties":{"id":6003538,"name":"Marquette Avenue","highway":"tertiary"},"geometry":{"type":"LineString","coordinates":[[-93.2660171,44.9820972],[-93.2659766,44.9821448],[-93.2659533,44.9821717],[-93.2659215,44.9822083],[-93.2657521,44.9824035],[-93.2654776,44.9827261],[-93.2652093,44.9830413],[-93.2651282,44.9831362]]}},{"type":"Feature","properties":{"id":6004776,"name":"South 11th Street","highway":"tertiary"},"geometry":{"type":"LineString","coordinates":[[-93.274123,44.9723851],[-93.274256,44.9724425],[-93.2754525,44.9729561],[-93.275579,44.9730105],[-93.275659,44.9730448],[-93.2768678,44.9735396],[-93.2769807,44.9735837]]}},{"type":"Feature","properties":{"id":6004960,"name":"East 15th Street","highway":"tertiary"},"geometry":{"type":"LineString","coordinates":[[-93.2778216,44.96773],[-93.2776895,44.9676993],[-93.2776087,44.9676805],[-93.2771045,44.9676805],[-93.2770903,44.9676805],[-93.2769851,44.967673],[-93.2768475,44.9676547]]}},{"type":"Feature","properties":{"id":6007165,"name":"Norm McGrew Place","highway":"residential"},"geometry":{"type":"LineString","coordinates":[[-93.2567417,44.9755596],[-93.2568043,44.9754837],[-93.2568504,44.9754256],[-93.2568741,44.9753956],[-93.2569771,44.9752657]]}},{"type":"Feature","properties":{"id":6009068,"name":"10th Avenue South","highway":"residential"},"geometry":{"type":"LineString","coordinates":[[-93.2578092,44.9720753],[-93.2578762,44.9719966],[-93.2585594,44.971194],[-93.2586265,44.9711152]]}},{"type":"Feature","properties":{"id":6012556,"name":"East 14th Street","highway":"residential"},"geometry":{"type":"LineString","coordinates":[[-93.268929,44.96891],[-93.2688274,44.9689103],[-93.2683701,44.9689116],[-93.2681751,44.9689122],[-93.2679937,44.9689127],[-93.2678462,44.9689132],[-93.2678249,44.9689132],[-93.267654,44.9689137],[-93.2675196,44.9689141],[-93.2674996,44.9689142],[-93.2665349,44.968917],[-93.2664498,44.968928],[-93.2663782,44.968951],[-93.2663159,44.968982],[-93.2662611,44.9690283],[-93.2662383,44.9690554],[-93.2661789,44.9691613]]}},{"type":"Feature","properties":{"id":6013622,"name":"Chicago Avenue","highway":"tertiary"},"geometry":{"type":"LineString","coordinates":[[-93.2564231,44.9781186],[-93.2564566,44.9780796],[-93.2564937,44.9780366],[-93.2571365,44.97729],[-93.2572069,44.9772082]]}},{"type":"Feature","properties":{"id":6013957,"name":"East 15th Street","highway":"residential"},"geometry":{"type":"LineString","coordinates":[[-93.27782,44.9680659],[-93.2776858,44.9680653],[-93.2776291,44.968065],[-93.2766306,44.9680598],[-93.2765723,44.9680595],[-93.2765329,44.9680593],[-93.2764452,44.9680607]]}},{"type":"Feature","properties":{"id":6014661,"name":"5th Avenue South","highway":"tertiary"},"geometry":{"type":"LineString","coordinates":[[-93.2599603,44.9808717],[-93.2599112,44.9808469],[-93.2598939,44.9808321],[-93.2598838,44.9808085],[-93.2602317,44.980366],[-93.2605356,44.9799796],[-93.2605958,44.9799024]]}},{"type":"Feature","properties":{"id":6015202,"name":"East 14th Street","highway":"tertiary"},"geometry":{"type":"LineString","coordinates":[[-93.2651194,44.9689478],[-93.264923,44.968924],[-93.26491,44.968924],[-93.2644152,44.9689234],[-93.26418,44.9689231],[-93.2630742,44.9689218],[-93.2626774,44.9689259],[-93.2625489,44.9688988]]}},{"type":"Feature","properties":{"id":6015542,"name":"3rd Avenue Bridge","highway":"primary"},"geometry":{"type":"LineString","coordinates":[[-93.2576871,44.9837749],[-93.2578819,44.9836963],[-93.2580366,44.9836425],[-93.2602033,44.9829648]]}},{"type":"Feature","properties":{"id":6017809,"name":"Willow Street","highway":"residential"},"geometry":{"type":"LineString","coordinates":[[-93.2819986,44.9704773],[-93.281978,44.9704519],[-93.2818986,44.9703447],[-93.2818648,44.9702552],[-93.2818566,44.9698735]]}},{"type":"Feature","properties":{"id":6019334,"name":"South 3rd Street","highway":"residential"},"geometry":{"type":"LineString","coordinates":[[-93.2553231,44.9749685],[-93.2552685,44.9749472],[-93.2551444,44.9748982],[-93.2548948,44.9747837],[-93.254143,44.9744655],[-93.2541225,44.9744564],[-93.2540967,44.9744449],[-93.2540141,44.9744082],[-93.2539466,44.9743805],[-93.2539147,44.9743675],[-93.2538951,44.9743595],[-93.2535604,44.9742173],[-93.2529163,44.9739437],[-93.2527586,44.9738881],[-93.252654,44.9738468]]}},{"type":"Feature","properties":{"id":6019423,"name":"Park Avenue Frontage Road","highway":"residential"},"geometry":{"type":"LineString","coordinates":[[-93.2651194,44.9689478],[-93.2650406,44.9690403],[-93.2646283,44.9696301],[-93.2645744,44.9697071]]}},{"type":"Feature","properties":{"id":6019427,"name":"South 3rd Street","highway":"secondary"},"geometry":{"type":"LineString","coordinates":[[-93.2549088,44.9735322],[-93.2550989,44.9738261],[-93.2557203,44.9747947],[-93.2558229,44.9749545],[-93.2559441,44.975097],[-93.2560848,44.9752281],[-93.2562081,44.9753106],[-93.2563677,44.9753971],[-93.2564841,44.9754564],[-93.2566249,44.9755107],[-93.2567417,44.9755596]]}},{"type":"Feature","properties":{"id":6020741,"name":"11th Avenue South","highway":"residential"},"geometry":{"type":"LineString","coordinates":[[-93.2513873,44.9777382],[-93.2514464,44.9776859],[-93.2514667,44.9776686],[-93.2515693,44.9775812],[-93.2516308,44.977519],[-93.2516894,44.9774598],[-93.2517753,44.9772837],[-93.2518268,44.9771137],[-93.2518461,44.9770372],[-93.2518917,44.9769329],[-93.2519308,44.9768723],[-93.2519993,44.9767909],[-93.2522758,44.9764674],[-93.252346,44.9763889]]}},{"type":"Feature","properties":{"id":6022143,"name":"Stevens Avenue","highway":"residential"},"geometry":{"type":"LineString","coordinates":[[-93.2753074,44.9662713],[-93.2753064,44.9662137],[-93.2753055,44.9658495],[-93.275305,44.965647],[-93.2753042,44.9653128],[-93.275304,44.9652962],[-93.2753039,44.9652209],[-93.2753048,44.9651583]]}},{"type":"Feature","properties":{"id":6022277,"name":"Chicago Avenue South","highway":"living_street"},"geometry":{"type":"LineString","coordinates":[[-93.2564231,44.9781186],[-93.2563665,44.9782135],[-93.2559502,44.97871]]}},{"type":"Feature","properties":{"id":6022854,"name":"South 4th Street","highway":"secondary"},"geometry":{"type":"LineString","coordinates":[[-93.2591329,44.9752738],[-93.2590316,44.9752314],[-93.2589598,44.9752085],[-93.2589334,44.9751983],[-93.2587944,44.9751685],[-93.2587816,44.9751672],[-93.2587034,44.9751594],[-93.2585336,44.9751608],[-93.2583873,44.975171],[-93.2582961,44.9751758],[-93.2582078,44.9751806],[-93.2581343,44.9751798],[-93.2580763,44.9751767],[-93.2580121,44.9751739],[-93.2579399,44.9751643],[-93.257889,44.9751542],[-93.2578229,44.9751389],[-93.2577562,44.9751211],[-93.2576515,44.975086],[-93.2572439,44.9749265]]}},{"type":"Feature","properties":{"id":6023510,"name":"4th Avenue South","highway":"residential"},"geometry":{"type":"LineString","coordinates":[[-93.2702637,44.9651876],[-93.2702315,44.9651307],[-93.2702208,44.9650851]]}},{"type":"Feature","properties":{"id":6023869,"name":"Centennial Place","highway":"tertiary"},"geometry":{"type":"LineString","coordinates":[[-93.2630478,44.9703772],[-93.2631092,44.970297],[-93.2631786,44.9702063],[-93.2634086,44.9699231],[-93.2636003,44.969687],[-93.2637842,44.9694606],[-93.2638389,44.9693932]]}},{"type":"Feature","properties":{"id":6024057,"name":"Alice Rainville Place","highway":"residential"},"geometry":{"type":"LineString","coordinates":[[-93.2771801,44.9710843],[-93.2770653,44.9710281],[-93.2769793,44.970993],[-93.2762861,44.9707102],[-93.2762346,44.9706891],[-93.2760997,44.9706341],[-93.2758255,44.9705222],[-93.275782,44.9705045],[-93.275709,44.9704733]]}},{"type":"Feature","properties":{"id":6024666,"name":"East Grant Street","highway":"tertiary"},"geometry":{"type":"LineString","coordinates":[[-93.2771259,44.9698265],[-93.2765741,44.9698252],[-93.2765416,44.9698251],[-93.2763533,44.9698247]]}},{"type":"Feature","properties":{"id":6025084,"name":"2nd Avenue South","highway":"tertiary"},"geometry":{"type":"LineString","coordinates":[[-93.2637913,44.9825651],[-93.2638625,44.9824795],[-93.2642616,44.9820029],[-93.2643792,44.9818623],[-93.2645331,44.9816785],[-93.2646246,44.9815701]]}},{"type":"Feature","properties":{"id":6025529,"name":"9th Avenue South","highway":"residential"},"geometry":{"type":"LineString","coordinates":[[-93.2608051,44.9707373],[-93.2608741,44.9706541],[-93.2608803,44.9706466],[-93.261368,44.970058],[-93.2614618,44.9699351],[-93.2615439,44.969872]]}},{"type":"Feature","properties":{"id":6026251,"name":"9th Avenue South","highway":"residential"},"geometry":{"type":"LineString","coordinates":[[-93.2550495,44.9775369],[-93.2550918,44.9774878],[-93.2551223,44.9774525],[-93.2551374,44.977435],[-93.2554139,44.9771146],[-93.2554445,44.9770791],[-93.2554939,44.9770218],[-93.2555172,44.9769951],[-93.2557715,44.9767032],[-93.2558365,44.9766272]]}},{"type":"Feature","properties":{"id":6026769,"name":"10th Avenue South","highway":"residential"},"geometry":{"type":"LineString","coordinates":[[-93.2596771,44.9688691],[-93.2596773,44.9687861],[-93.2596822,44.9683875],[-93.2596861,44.9680649],[-93.2596871,44.9679851],[-93.2596872,44.9679347]]}},{"type":"Feature","properties":{"id":6027555,"name":"Marquette Avenue","highway":"tertiary"},"geometry":{"type":"LineString","coordinates":[[-93.2700841,44.9772805],[-93.2700031,44.9773719],[-93.2697426,44.9776841],[-93.2693269,44.978174],[-93.2692894,44.9782157],[-93.2692576,44.9782466],[-93.2691998,44.9783079],[-93.2691702,44.9783396],[-93.2688996,44.9786693],[-93.2688475,44.9787327],[-93.2685113,44.9791381],[-93.26845,44.979212]]}},{"type":"Feature","properties":{"id":6028242,"name":"East 15th Street","highway":"tertiary"},"geometry":{"type":"LineString","coordinates":[[-93.2691804,44.9680644],[-93.268929,44.968063],[-93.2686317,44.9680626],[-93.2683893,44.9680622],[-93.2678163,44.968063],[-93.267654,44.968063]]}},{"type":"Feature","properties":{"id":6028281,"name":"10th Avenue South","highway":"residential"},"geometry":{"type":"LineString","coordinates":[[-93.2545597,44.9759392],[-93.2546149,44.975871],[-93.2549083,44.975521],[-93.2549572,44.9754596],[-93.2552159,44.9751475],[-93.2552318,44.9751302],[-93.2553022,44.9750487],[-93.2553442,44.9750001],[-93.2553231,44.9749685]]}},{"type":"Feature","properties":{"id":6028609,"name":"Chicago Avenue","highway":"tertiary"},"geometry":{"type":"LineString","coordinates":[[-93.2628496,44.9702886],[-93.262827,44.9701756],[-93.2628254,44.9701675],[-93.2627853,44.9700592],[-93.2627385,44.9699746],[-93.2626765,44.9698653],[-93.2626,44.9697311],[-93.2625655,44.9696368],[-93.2625529,44.9695302],[-93.2625493,44.9689666],[-93.2625489,44.9688988],[-93.2625479,44.9688182],[-93.2625442,44.9685356],[-93.2625623,44.968095],[-93.2625612,44.9680225],[-93.2625599,44.9679601],[-93.262569,44.9672288],[-93.2625713,44.967168],[-93.2625704,44.9671073],[-93.2625678,44.966925],[-93.2625642,44.966678],[-93.2625689,44.9663566],[-93.2625677,44.9662984],[-93.2625667,44.9662464],[-93.2625663,44.9662236]]}},{"type":"Feature","properties":{"id":6029394,"name":"5th Avenue South","highway":"residential"},"geometry":{"type":"LineString","coordinates":[[-93.268929,44.968063],[-93.268929,44.9681346],[-93.268929,44.9684351],[-93.268929,44.9684747],[-93.268929,44.96891],[-93.2689258,44.9690012],[-93.2689245,44.9692174],[-93.2689236,44.9693673],[-93.2689226,44.9695389],[-93.2689208,44.9695943],[-93.2688896,44.9696621],[-93.2688453,44.9697128],[-93.2687964,44.9697428],[-93.2687029,44.9697888]]}},{"type":"Feature","properties":{"id":6029631,"name":"3rd Avenue South","highway":"tertiary"},"geometry":{"type":"LineString","coordinates":[[-93.2720562,44.9702419],[-93.2720548,44.9703183],[-93.2720466,44.970359],[-93.2720388,44.9703791],[-93.2720119,44.970436],[-93.2719797,44.9704929],[-93.2719368,44.9705499],[-93.2717872,44.9707355],[-93.2714304,44.9711782],[-93.27136,44.9712654]]}},{"type":"Feature","properties":{"id":6031397,"name":"5th Avenue South","highway":"secondary"},"geometry":{"type":"LineString","coordinates":[[-93.2678979,44.9711067],[-93.2678367,44.971178],[-93.2673989,44.9716834]]}},{"type":"Feature","properties":{"id":6031448,"name":"Spruce Place","highway":"residential"},"geometry":{"type":"LineString","coordinates":[[-93.28083,44.966404],[-93.28083,44.9664669],[-93.28083,44.966911],[-93.28083,44.9672456],[-93.28083,44.967275],[-93.28083,44.9674782],[-93.28083,44.9676564],[-93.28083,44.9677326],[-93.28083,44.9678042],[-93.28083,44.9680331],[-93.28083,44.9681919],[-93.28083,44.9687382],[-93.28083,44.968812],[-93.2808305,44.9688765],[-93.2808378,44.9697978],[-93.2808384,44.9698721]]}},{"type":"Feature","properties":{"id":6031871,"name":"West Grant Street","highway":"tertiary"},"geometry":{"type":"LineString","coordinates":[[-93.27783,44.9698423],[-93.277965,44.9698473],[-93.2790233,44.969848],[-93.2791714,44.9698488],[-93.2792401,44.969853],[-93.2793379,44.9698589]]}},{"type":"Feature","properties":{"id":6032255,"name":"East 18th Street","highway":"residential"},"geometry":{"type":"LineString","coordinates":[[-93.2676574,44.9651187],[-93.2675211,44.9651378],[-93.2673833,44.9651772],[-93.267252,44.9652012],[-93.2670634,44.9652174],[-93.2668785,44.9652246],[-93.266463,44.9652266],[-93.2654252,44.9652251],[-93.2652861,44.9652108],[-93.2652778,44.965211]]}},{"type":"Feature","properties":{"id":6033617,"name":"4th Avenue South","highway":"secondary"},"geometry":{"type":"LineString","coordinates":[[-93.2643722,44.9774781],[-93.2644364,44.9773984],[-93.2651224,44.9765751],[-93.2651554,44.9765384],[-93.2651779,44.9765091],[-93.2652014,44.9764779],[-93.2652324,44.9764398],[-93.2657058,44.9758583],[-93.2659051,44.9756375],[-93.2659739,44.9755549],[-93.2660436,44.975472],[-93.2662217,44.9752601],[-93.2667206,44.9746669],[-93.2667953,44.9745779]]}},{"type":"Feature","properties":{"id":6035116,"name":"Chicago Avenue","highway":"tertiary"},"geometry":{"type":"LineString","coordinates":[[-93.2628496,44.9702886],[-93.2628473,44.9703697],[-93.2628469,44.9703825],[-93.2628294,44.9704689],[-93.2628058,44.9705481],[-93.2627606,44.9706295],[-93.2627126,44.9707154],[-93.2622699,44.9712299],[-93.2621797,44.9713219]]}},{"type":"Feature","properties":{"id":6035434,"name":"West 14th Street","highway":"residential"},"geometry":{"type":"LineString","coordinates":[[-93.277817,44.968792],[-93.2779743,44.9687934],[-93.2780224,44.9687937],[-93.2792096,44.9688013],[-93.2792464,44.9688015],[-93.279333,44.968802],[-93.2794487,44.9688033],[-93.2794881,44.9688035],[-93.279684,44.9688044],[-93.2801402,44.9688074],[-93.2801712,44.9688076],[-93.2807584,44.968812],[-93.28083,44.968812],[-93.2809455,44.9688127],[-93.2811831,44.9688141],[-93.281228,44.9688149],[-93.281331,44.968815],[-93.2817605,44.968816],[-93.2818671,44.9688181]]}},{"type":"Feature","properties":{"id":6036807,"name":"East 16th Street","highway":"residential"},"geometry":{"type":"LineString","coordinates":[[-93.2778163,44.9672247],[-93.2776972,44.9672247],[-93.2776685,44.9672247],[-93.2773758,44.967225],[-93.2768535,44.9672255],[-93.2766002,44.9672258],[-93.2765728,44.9672258],[-93.2765316,44.9672261],[-93.2764761,44.9672265]]}},{"type":"Feature","properties":{"id":6036968,"name":"South 10th Street","highway":"tertiary"},"geometry":{"type":"LineString","coordinates":[[-93.2678979,44.9711067],[-93.2678526,44.9710872],[-93.2677942,44.9710619],[-93.267394,44.9708889],[-93.2672191,44.9708133],[-93.2666628,44.9705728],[-93.2665357,44.9705178]]}},{"type":"Feature","properties":{"id":6038559,"name":"Chicago Avenue","highway":"tertiary"},"geometry":{"type":"LineString","coordinates":[[-93.2589334,44.9751983],[-93.2589957,44.9751256],[-93.2590096,44.9751094],[-93.2598163,44.9741685],[-93.2599758,44.9739825]]}},{"type":"Feature","properties":{"id":6039081,"name":"Marquette Avenue","highway":"tertiary"},"geometry":{"type":"LineString","coordinates":[[-93.276227,44.9699108],[-93.2761028,44.9699754],[-93.2757738,44.9703892],[-93.275709,44.9704733],[-93.2756708,44.9705194],[-93.2749493,44.9713437],[-93.2749508,44.9714176]]}},{"type":"Feature","properties":{"id":6039178,"name":"South 9th Street","highway":"tertiary"},"geometry":{"type":"LineString","coordinates":[[-93.2738887,44.9749972],[-93.2739704,44.975033],[-93.2742346,44.9751488],[-93.2749344,44.9754484]]}},{"type":"Feature","properties":{"id":6039454,"name":"South 10th Street","highway":"tertiary"},"geometry":{"type":"LineString","coordinates":[[-93.2719649,44.9728197],[-93.2718394,44.9727679],[-93.270844,44.9723422],[-93.2707038,44.9722803],[-93.270565,44.972219]]}},{"type":"Feature","properties":{"id":6039499,"name":"Oak Grove Street","highway":"residential"},"geometry":{"type":"LineString","coordinates":[[-93.2794453,44.9663733],[-93.2799227,44.9663751],[-93.2800211,44.9663756],[-93.2800795,44.9663757],[-93.2803988,44.9663768],[-93.280441,44.966377],[-93.280792,44.9664],[-93.28083,44.966404],[-93.2810149,44.9664249],[-93.281223,44.9664485],[-93.281413,44.9664704],[-93.2817268,44.9665054],[-93.281776,44.966511],[-93.2818305,44.9665269]]}},{"type":"Feature","properties":{"id":6040760,"name":"East 14th Street","highway":"tertiary"},"geometry":{"type":"LineString","coordinates":[[-93.2625489,44.9688988],[-93.2624438,44.9688799],[-93.2623933,44.9688708],[-93.2617836,44.9688704],[-93.2616671,44.9688703],[-93.2611645,44.96887],[-93.2610441,44.9688699],[-93.2609476,44.9688699],[-93.2602311,44.9688694],[-93.2598022,44.9688691],[-93.2596771,44.9688691],[-93.2595783,44.968869],[-93.259449,44.9688689],[-93.258304,44.9688682],[-93.2581969,44.9688681]]}},{"type":"Feature","properties":{"id":6040764,"name":"East 14th Street","highway":"residential"},"geometry":{"type":"LineString","coordinates":[[-93.277817,44.9689211],[-93.2776981,44.9689209],[-93.2776372,44.9689208],[-93.277037,44.9689199],[-93.2768,44.9689189],[-93.2766182,44.9689193],[-93.2765737,44.9689194],[-93.2765351,44.9689194],[-93.2764388,44.96892]]}},{"type":"Feature","properties":{"id":6041768,"name":"South 12th Street","highway":"tertiary"},"geometry":{"type":"LineString","coordinates":[[-93.2788167,44.9729281],[-93.2787342,44.9728897],[-93.2787037,44.9728833],[-93.2780203,44.9727265],[-93.2779177,44.9727004],[-93.2777841,44.9726571],[-93.2776747,44.9726104],[-93.2773207,44.9724559],[-93.2772585,44.9724287],[-93.2764872,44.9721024],[-93.2764097,44.9720697],[-93.2763039,44.972025],[-93.275015,44.9714798],[-93.274928,44.971443]]}},{"type":"Feature","properties":{"id":6042090,"name":"East 17th Street","highway":"residential"},"geometry":{"type":"LineString","coordinates":[[-93.2765756,44.9662791],[-93.2764682,44.9662781],[-93.2759527,44.9662745],[-93.2753734,44.966271],[-93.2753074,44.9662713]]}},{"type":"Feature","properties":{"id":6042580,"name":"South 10th Street","highway":"tertiary"},"geometry":{"type":"LineString","coordinates":[[-93.2761194,44.9745997],[-93.2760235,44.9745588],[-93.2748047,44.974036],[-93.2747062,44.9739966],[-93.2746086,44.973955],[-93.2737334,44.9735815],[-93.2734309,44.9734512],[-93.2733107,44.9733984]]}},{"type":"Feature","properties":{"id":6042622,"name":"Elliot Avenue","highway":"residential"},"geometry":{"type":"LineString","coordinates":[[-93.261368,44.970058],[-93.2612647,44.9700141],[-93.2611106,44.9699485],[-93.2610642,44.9698976],[-93.2610539,44.9698402],[-93.2610513,44.9697775],[-93.261044,44.9689389],[-93.2610441,44.9688699],[-93.2610437,44.9687978],[-93.2610462,44.9683304],[-93.2610476,44.9680695],[-93.2610481,44.9679828],[-93.2610484,44.9679362]]}},{"type":"Feature","properties":{"id":6042689,"name":"Park Avenue","highway":"tertiary"},"geometry":{"type":"LineString","coordinates":[[-93.2651174,44.9699417],[-93.265106,44.970019],[-93.2650781,44.9700829],[-93.2648239,44.9703809],[-93.2648009,44.9704078],[-93.264642,44.9705941],[-93.2644472,44.9708553],[-93.2643798,44.9709457]]}},{"type":"Feature","properties":{"id":6042842,"name":"9th Avenue South","highway":"residential"},"geometry":{"type":"LineString","coordinates":[[-93.2591733,44.9726617],[-93.2592477,44.9725733],[-93.2593957,44.9723972],[-93.2595496,44.9722142],[-93.2597158,44.9720165],[-93.2599208,44.9717725],[-93.2599928,44.9716869]]}},{"type":"Feature","properties":{"id":6043602,"name":"East 16th Street","highway":"residential"},"geometry":{"type":"LineString","coordinates":[[-93.267654,44.967175],[-93.2675203,44.9671747],[-93.2669797,44.9671735],[-93.2669115,44.9671734],[-93.2666066,44.9671732],[-93.2661974,44.9671729],[-93.2659915,44.9671727],[-93.2658179,44.967171],[-93.2656591,44.9671707],[-93.2652755,44.9671698],[-93.26512,44.9671695]]}},{"type":"Feature","properties":{"id":22598244,"name":"South 6th Street","highway":"secondary"},"geometry":{"type":"LineString","coordinates":[[-93.2700841,44.9772805],[-93.2699641,44.9772318],[-93.2688237,44.976761],[-93.2687257,44.9767214],[-93.2686042,44.9766698],[-93.2678389,44.9763492]]}},{"type":"Feature","properties":{"id":22749887,"name":"LaSalle Avenue","highway":"tertiary"},"geometry":{"type":"LineString","coordinates":[[-93.2793589,44.9655068],[-93.2793535,44.9654038],[-93.2793364,44.9651164],[-93.2793307,44.9649458]]}},{"type":"Feature","properties":{"id":22749888,"name":"LaSalle Avenue","highway":"tertiary"},"geometry":{"type":"LineString","coordinates":[[-93.2793605,44.9661507],[-93.2793589,44.9655068]]}},{"type":"Feature","properties":{"id":22871597,"name":"East 15th Street","highway":"tertiary"},"geometry":{"type":"LineString","coordinates":[[-93.2702143,44.9680667],[-93.2701556,44.9680661],[-93.2701367,44.9680659],[-93.2701092,44.9680657]]}},{"type":"Feature","properties":{"id":22871598,"name":"East 16th Street","highway":"unclassified"},"geometry":{"type":"LineString","coordinates":[[-93.2764786,44.9671024],[-93.2763679,44.9671036],[-93.2758735,44.9671075],[-93.2755362,44.9671688]]}},{"type":"Feature","properties":{"id":22871609,"name":"East Grant Street","highway":"tertiary"},"geometry":{"type":"LineString","coordinates":[[-93.2651194,44.9689478],[-93.2652716,44.9689663],[-93.2653246,44.9689735],[-93.2654524,44.9690018],[-93.2658527,44.96909],[-93.2661789,44.9691613]]}},{"type":"Feature","properties":{"id":22871610,"name":"4th Avenue South","highway":"tertiary"},"geometry":{"type":"LineString","coordinates":[[-93.2714218,44.9699768],[-93.271383,44.9699462],[-93.2712019,44.9698591],[-93.2711268,44.9698326],[-93.2710678,44.9698174],[-93.2710088,44.9698136],[-93.2709444,44.9698098],[-93.2706172,44.9698098],[-93.2705099,44.9698022],[-93.2704241,44.969787],[-93.2703651,44.9697605],[-93.2703007,44.9697111],[-93.2702578,44.9696694],[-93.2702309,44.9696048],[-93.2702149,44.9695251],[-93.2702143,44.9694347],[-93.2702122,44.969107]]}},{"type":"Feature","properties":{"id":22914771,"name":"Unnamed Road","highway":"unclassified"},"geometry":{"type":"LineString","coordinates":[[-93.2581325,44.9805412],[-93.2580557,44.9806552],[-93.2579926,44.9807488]]}},{"type":"Feature","properties":{"id":23113496,"name":"11th Avenue South","highway":"tertiary"},"geometry":{"type":"LineString","coordinates":[[-93.2581969,44.9688681],[-93.2581948,44.9687922]]}},{"type":"Feature","properties":{"id":23115959,"name":"3rd Avenue South","highway":"tertiary"},"geometry":{"type":"LineString","coordinates":[[-93.2697753,44.9732184],[-93.2697005,44.9733107],[-93.2693207,44.9737793],[-93.269045,44.9741195],[-93.2689786,44.9742013],[-93.2689083,44.974282],[-93.2685677,44.9746735],[-93.2682192,44.975074],[-93.2681455,44.9751586]]}},{"type":"Feature","properties":{"id":23119682,"name":"South 5th Street","highway":"unclassified"},"geometry":{"type":"LineString","coordinates":[[-93.2679313,44.9776349],[-93.2680488,44.9776852],[-93.2684706,44.9778656],[-93.2685176,44.9778857],[-93.2685787,44.9779118],[-93.2687491,44.9779847],[-93.2691896,44.9781784],[-93.2692894,44.9782157],[-93.269401,44.9782627],[-93.2705685,44.978754],[-93.2706542,44.97879],[-93.2706905,44.9788053]]}},{"type":"Feature","properties":{"id":23120455,"name":"12th Avenue South","highway":"unclassified"},"geometry":{"type":"LineString","coordinates":[[-93.2550724,44.9709269],[-93.2551446,44.9708428],[-93.2552925,44.9706705],[-93.2554249,44.9705163],[-93.255897,44.9699663]]}},{"type":"Feature","properties":{"id":23120489,"name":"Park Avenue","highway":"tertiary"},"geometry":{"type":"LineString","coordinates":[[-93.2627283,44.9728491],[-93.2626593,44.9729316],[-93.2625318,44.9730841],[-93.2619801,44.9737438],[-93.2619102,44.9738273]]}},{"type":"Feature","properties":{"id":23120490,"name":"Portland Avenue","highway":"tertiary"},"geometry":{"type":"LineString","coordinates":[[-93.2665357,44.9705178],[-93.2665909,44.9704543],[-93.2669319,44.9700623],[-93.2670493,44.9699273],[-93.2672391,44.969709],[-93.2673343,44.969599],[-93.2673995,44.9695246],[-93.2675628,44.9693384],[-93.2676265,44.9692248],[-93.2676568,44.9691191],[-93.2676551,44.9689945],[-93.267654,44.9689137],[-93.267654,44.9688509],[-93.267654,44.9684757],[-93.267654,44.9681348],[-93.267654,44.968063]]}},{"type":"Feature","properties":{"id":23120535,"name":"5th Avenue South","highway":"secondary"},"geometry":{"type":"LineString","coordinates":[[-93.2621963,44.9778649],[-93.2621126,44.9779664],[-93.2618185,44.9783232]]}},{"type":"Feature","properties":{"id":23120538,"name":"4th Avenue South","highway":"residential"},"geometry":{"type":"LineString","coordinates":[[-93.269211,44.971657],[-93.2692739,44.971582],[-93.2693302,44.9715147],[-93.2697964,44.9709635],[-93.2698554,44.9708876],[-93.2699037,44.9708497],[-93.2699574,44.9708269],[-93.2700217,44.9708003],[-93.270046,44.9707944],[-93.2701773,44.9707624]]}},{"type":"Feature","properties":{"id":23120542,"name":"3rd Avenue South","highway":"tertiary"},"geometry":{"type":"LineString","coordinates":[[-93.2657269,44.9780719],[-93.2656782,44.9781372],[-93.2656598,44.978161],[-93.2649639,44.9789493],[-93.2648941,44.979033]]}},{"type":"Feature","properties":{"id":23122468,"name":"2nd Avenue South","highway":"tertiary"},"geometry":{"type":"LineString","coordinates":[[-93.2662534,44.9796196],[-93.2663327,44.9795232],[-93.2666588,44.9791273],[-93.2667369,44.9790324],[-93.2669893,44.978726],[-93.2670072,44.9787042],[-93.267075,44.978622],[-93.267134,44.9785538],[-93.2674785,44.978155]]}},{"type":"Feature","properties":{"id":24039215,"name":"South 13th Avenue","highway":"residential"},"geometry":{"type":"LineString","coordinates":[[-93.247818,44.9775023],[-93.2478248,44.9774455],[-93.2478579,44.9774017],[-93.248002,44.9772268],[-93.2481574,44.9770377],[-93.2482955,44.9768644],[-93.2483853,44.9767554],[-93.2487696,44.9763007],[-93.2488405,44.9762144],[-93.2491871,44.9758133],[-93.2493202,44.9756549],[-93.249597,44.9753294],[-93.2496635,44.9752915]]}},{"type":"Feature","properties":{"id":24131125,"name":"Portland Avenue","highway":"tertiary"},"geometry":{"type":"LineString","coordinates":[[-93.267665,44.9662125],[-93.267656,44.9651958]]}},{"type":"Feature","properties":{"id":24131146,"name":"East 15th Street","highway":"tertiary"},"geometry":{"type":"LineString","coordinates":[[-93.2701092,44.9680657],[-93.2691804,44.9680644]]}},{"type":"Feature","properties":{"id":24132491,"name":"East Grant Street","highway":"tertiary"},"geometry":{"type":"LineString","coordinates":[[-93.2661789,44.9691613],[-93.266342,44.9692066],[-93.2664638,44.9692433],[-93.2665836,44.9692843],[-93.266688,44.9693238],[-93.2667212,44.9693378],[-93.2668052,44.9693733],[-93.2670026,44.9694575],[-93.2672142,44.9695478],[-93.2673343,44.969599]]}},{"type":"Feature","properties":{"id":24135762,"name":"Washington Avenue South","highway":"primary"},"geometry":{"type":"LineString","coordinates":[[-93.2504316,44.9742344],[-93.2503439,44.9741972]]}},{"type":"Feature","properties":{"id":24135765,"name":"Washington Avenue South","highway":"primary"},"geometry":{"type":"LineString","coordinates":[[-93.2654958,44.9805417],[-93.2653615,44.9804809],[-93.2648839,44.9802771],[-93.264672,44.9801867]]}},{"type":"Feature","properties":{"id":30477133,"name":"South 6th Street","highway":"secondary"},"geometry":{"type":"LineString","coordinates":[[-93.2646302,44.9749811],[-93.2645706,44.9749551],[-93.26452,44.9749339],[-93.2633675,44.974451],[-93.2632651,44.9744079],[-93.2631613,44.9743645],[-93.2629554,44.9742781],[-93.2620226,44.9738758],[-93.2619102,44.9738273]]}},{"type":"Feature","properties":{"id":34404723,"name":"East Grant Street","highway":"tertiary"},"geometry":{"type":"LineString","coordinates":[[-93.2673343,44.969599],[-93.2674912,44.9696609],[-93.2675863,44.9696985],[-93.2677205,44.9697501],[-93.2678655,44.9697975]]}},{"type":"Feature","properties":{"id":35407312,"name":"1st Avenue South","highway":"tertiary"},"geometry":{"type":"LineString","coordinates":[[-93.276573,44.9663106],[-93.2765034,44.9668577]]}},{"type":"Feature","properties":{"id":36256659,"name":"11th Avenue South","highway":"tertiary"},"geometry":{"type":"LineString","coordinates":[[-93.2549514,44.9733009],[-93.255022,44.9732037]]}},{"type":"Feature","properties":{"id":39422503,"name":"Portland Avenue","highway":"tertiary"},"geometry":{"type":"LineString","coordinates":[[-93.260013,44.9782569],[-93.2600758,44.97818],[-93.2602342,44.9779769],[-93.2604411,44.9777454],[-93.2604874,44.9776924],[-93.2606728,44.9774802],[-93.2607551,44.9773857],[-93.2607861,44.9773505],[-93.2608291,44.9773013]]}},{"type":"Feature","properties":{"id":39723834,"name":"Nicollet Avenue","highway":"tertiary"},"geometry":{"type":"LineString","coordinates":[[-93.277817,44.9659371],[-93.277817,44.9657031],[-93.277817,44.9652955],[-93.277817,44.965229],[-93.277817,44.9651579],[-93.277817,44.9648125],[-93.277817,44.9647556],[-93.2778167,44.964283]]}},{"type":"Feature","properties":{"id":39723835,"name":"Nicollet Avenue","highway":"tertiary"},"geometry":{"type":"LineString","coordinates":[[-93.2778152,44.9665666],[-93.277817,44.9659371]]}},{"type":"Feature","properties":{"id":41413424,"name":"4th Avenue South","highway":"tertiary"},"geometry":{"type":"LineString","coordinates":[[-93.2705785,44.9673603],[-93.2706459,44.9673301],[-93.2707271,44.9672955],[-93.2708122,44.967267],[-93.2708866,44.9672447],[-93.2709671,44.9672301],[-93.2710396,44.9672196],[-93.271128,44.9672125],[-93.2716967,44.9672107],[-93.272056,44.9672137],[-93.2722026,44.9672127]]}},{"type":"Feature","properties":{"id":41413501,"name":"East 18th Street","highway":"residential"},"geometry":{"type":"LineString","coordinates":[[-93.2727751,44.965225],[-93.2728839,44.9652243],[-93.2734171,44.965221],[-93.2739622,44.9652176],[-93.2740481,44.9652178],[-93.2741273,44.965218],[-93.275185,44.9652206],[-93.2752213,44.9652207],[-93.2753039,44.9652209],[-93.2753758,44.9652213],[-93.2759492,44.9652243],[-93.2764797,44.965227],[-93.2766003,44.9652277]]}},{"type":"Feature","properties":{"id":41413504,"name":"East 18th Street","highway":"residential"},"geometry":{"type":"LineString","coordinates":[[-93.2727751,44.965225],[-93.2726713,44.9652246],[-93.2721426,44.9652218],[-93.2716277,44.965224],[-93.2715909,44.9652242],[-93.2714945,44.9652247],[-93.2713992,44.9652251],[-93.2713551,44.9652253],[-93.2708528,44.9652243],[-93.27084,44.9652245],[-93.2704096,44.9652264],[-93.2703603,44.9652256],[-93.2702959,44.9652142],[-93.2702637,44.9651876]]}},{"type":"Feature","properties":{"id":42829733,"name":"LaSalle Avenue","highway":"tertiary"},"geometry":{"type":"LineString","coordinates":[[-93.2777841,44.9726571],[-93.2778819,44.9725585],[-93.2779093,44.9725323],[-93.2781562,44.9722549],[-93.2784683,44.9719033]]}},{"type":"Feature","properties":{"id":46629459,"name":"3rd Avenue South","highway":"tertiary"},"geometry":{"type":"LineString","coordinates":[[-93.2723917,44.9670438],[-93.2723546,44.9670811],[-93.2722949,44.9671411]]}},{"type":"Feature","properties":{"id":46629460,"name":"3rd Avenue South","highway":"tertiary"},"geometry":{"type":"LineString","coordinates":[[-93.2727666,44.9663611],[-93.2727386,44.9664969],[-93.2727067,44.9665921],[-93.2726824,44.9666505],[-93.2726278,44.9667561],[-93.2725829,44.9668388],[-93.2725377,44.9669002]]}},{"type":"Feature","properties":{"id":46629465,"name":"4th Avenue South","highway":"tertiary"},"geometry":{"type":"LineString","coordinates":[[-93.2722949,44.9671411],[-93.2721257,44.9671459],[-93.2711693,44.9671442]]}},{"type":"Feature","properties":{"id":46629466,"name":"East 16th Street","highway":"tertiary"},"geometry":{"type":"LineString","coordinates":[[-93.2722026,44.9672127],[-93.2722841,44.9672129],[-93.2724208,44.9672124],[-93.2739954,44.9671973],[-93.2740823,44.9671664]]}},{"type":"Feature","properties":{"id":56157822,"name":"Park Avenue","highway":"tertiary"},"geometry":{"type":"LineString","coordinates":[[-93.2585604,44.9777834],[-93.258493,44.9778602],[-93.257873,44.9785982],[-93.2578608,44.9786127],[-93.2578206,44.9786613],[-93.2577787,44.9787119]]}},{"type":"Feature","properties":{"id":59526289,"name":"West 15th Street","highway":"tertiary"},"geometry":{"type":"LineString","coordinates":[[-93.2778216,44.96773],[-93.2779542,44.967729],[-93.2783596,44.9677296],[-93.2785859,44.96773],[-93.2789122,44.9677302],[-93.2792411,44.9677304],[-93.27933,44.9677312],[-93.2793838,44.9677309],[-93.2794404,44.9677306],[-93.2800415,44.9677309],[-93.2801088,44.9677306],[-93.2807537,44.9677321],[-93.28083,44.9677326],[-93.2809492,44.9677333],[-93.2817399,44.9677304],[-93.2818419,44.967731]]}},{"type":"Feature","properties":{"id":59917527,"name":"3rd Avenue South","highway":"primary"},"geometry":{"type":"LineString","coordinates":[[-93.2640633,44.9800412],[-93.2640214,44.9800942],[-93.2639889,44.9801337],[-93.263697,44.9804494],[-93.2635275,44.9806505]]}},{"type":"Feature","properties":{"id":60613074,"name":"4th Avenue South","highway":"tertiary"},"geometry":{"type":"LineString","coordinates":[[-93.2714218,44.9699768],[-93.2709651,44.9699633],[-93.2709069,44.9699616]]}},{"type":"Feature","properties":{"id":60613084,"name":"East Grant Street","highway":"tertiary"},"geometry":{"type":"LineString","coordinates":[[-93.2690669,44.969935],[-93.2691178,44.969971],[-93.2691581,44.9699995],[-93.2692922,44.970121],[-93.2694821,44.9702621],[-93.2695474,44.9703095]]}},{"type":"Feature","properties":{"id":68423543,"name":"South 2nd Street","highway":"tertiary"},"geometry":{"type":"LineString","coordinates":[[-93.2591266,44.9792831],[-93.2592378,44.9793307],[-93.2599175,44.9796199],[-93.2602875,44.9797761],[-93.2604097,44.9798276],[-93.2605139,44.9798715],[-93.2605958,44.9799024],[-93.2607061,44.9799532],[-93.2615708,44.9803135],[-93.2631006,44.9809686],[-93.2632222,44.9810121]]}},{"type":"Feature","properties":{"id":77705844,"name":"Washington Avenue South","highway":"secondary"},"geometry":{"type":"LineString","coordinates":[[-93.2546908,44.9730239],[-93.2544092,44.9728816],[-93.2540973,44.9727629],[-93.253786,44.9726872],[-93.2535373,44.972616]]}},{"type":"Feature","properties":{"id":92905822,"name":"Unnamed Road","highway":"tertiary"},"geometry":{"type":"LineString","coordinates":[[-93.2737269,44.9703474],[-93.2737042,44.9704273],[-93.2736758,44.9705274],[-93.2736094,44.9706516],[-93.2735509,44.9707377],[-93.2735502,44.9707515],[-93.273545,44.97087]]}},{"type":"Feature","properties":{"id":92905823,"name":"2nd Avenue South","highway":"tertiary"},"geometry":{"type":"LineString","coordinates":[[-93.2742671,44.9697913],[-93.2741422,44.9698551],[-93.2740645,44.9699248],[-93.2740474,44.9699401],[-93.2737269,44.9703474]]}},{"type":"Feature","properties":{"id":92905845,"name":"East Grant Street","highway":"tertiary"},"geometry":{"type":"LineString","coordinates":[[-93.2763533,44.9698247],[-93.276251,44.9697831],[-93.2762273,44.9697735],[-93.2751048,44.9697702],[-93.275091,44.9697702],[-93.2745567,44.9697624],[-93.2744576,44.9697609],[-93.2743471,44.9697725],[-93.2742671,44.9697913]]}},{"type":"Feature","properties":{"id":92905849,"name":"East Grant Street","highway":"tertiary"},"geometry":{"type":"LineString","coordinates":[[-93.2744701,44.9699307],[-93.2746098,44.9698912],[-93.2747872,44.9698684],[-93.2750878,44.9698652],[-93.2751078,44.9698654],[-93.2753267,44.9698677],[-93.2760241,44.9698703],[-93.2761339,44.969867],[-93.2763533,44.9698247]]}},{"type":"Feature","properties":{"id":95516597,"name":"South 9th Street","highway":"tertiary"},"geometry":{"type":"LineString","coordinates":[[-93.2628496,44.9702886],[-93.2630478,44.9703772]]}},{"type":"Feature","properties":{"id":95774009,"name":"Unnamed Road","highway":"unclassified"},"geometry":{"type":"LineString","coordinates":[[-93.2553513,44.9797695],[-93.2552636,44.9797058]]}},{"type":"Feature","properties":{"id":95774010,"name":"Unnamed Road","highway":"unclassified"},"geometry":{"type":"LineString","coordinates":[[-93.2552636,44.9797058],[-93.2552519,44.9796977],[-93.2549387,44.9794809],[-93.2549114,44.9794619]]}},{"type":"Feature","properties":{"id":95774011,"name":"Unnamed Road","highway":"unclassified"},"geometry":{"type":"LineString","coordinates":[[-93.2549114,44.9794619],[-93.2548168,44.9793979]]}},{"type":"Feature","properties":{"id":95774012,"name":"Unnamed Road","highway":"unclassified"},"geometry":{"type":"LineString","coordinates":[[-93.2548168,44.9793979],[-93.2547579,44.9793584],[-93.2546549,44.9792934],[-93.2545027,44.9792035],[-93.2544057,44.9791556]]}},{"type":"Feature","properties":{"id":99557639,"name":"LaSalle Avenue","highway":"tertiary"},"geometry":{"type":"LineString","coordinates":[[-93.2793379,44.9698589],[-93.2793372,44.9697764],[-93.2793367,44.9696659],[-93.2793353,44.9693774],[-93.2793339,44.9688672],[-93.279333,44.968802],[-93.2793321,44.9687327],[-93.2793307,44.9678041],[-93.27933,44.9677312],[-93.2793299,44.9676566],[-93.2793289,44.9671995],[-93.2793473,44.9664506],[-93.2793505,44.9663749]]}},{"type":"Feature","properties":{"id":112093355,"name":"South 10th Street","highway":"tertiary"},"geometry":{"type":"LineString","coordinates":[[-93.2651174,44.9699417],[-93.2649792,44.9698803],[-93.2648451,44.9698229],[-93.2645744,44.9697071],[-93.2644912,44.9696731],[-93.2638389,44.9693932],[-93.2633589,44.9691903],[-93.2632687,44.9691488],[-93.2631987,44.9690968],[-93.2631524,44.9690424],[-93.2630742,44.9689218]]}},{"type":"Feature","properties":{"id":124391473,"name":"South 7th Street","highway":"secondary"},"geometry":{"type":"LineString","coordinates":[[-93.2681455,44.9751586],[-93.2682997,44.975225],[-93.2688478,44.9754611],[-93.2694114,44.9757038],[-93.2695366,44.9757579]]}},{"type":"Feature","properties":{"id":125438274,"name":"South 3rd Street","highway":"secondary"},"geometry":{"type":"LineString","coordinates":[[-93.2594932,44.9767333],[-93.2595845,44.9767706],[-93.2601356,44.9770056],[-93.2607233,44.9772562],[-93.2608291,44.9773013],[-93.2608762,44.9773214],[-93.2609287,44.9773438],[-93.2610747,44.9774061],[-93.2616492,44.9776402],[-93.2620841,44.9778173],[-93.2621372,44.9778404],[-93.2621963,44.9778649],[-93.2623091,44.9779125],[-93.262943,44.9781816],[-93.2634308,44.9783893],[-93.2635605,44.9784429]]}},{"type":"Feature","properties":{"id":125438275,"name":"South 4th Street","highway":"secondary"},"geometry":{"type":"LineString","coordinates":[[-93.2560828,44.974441],[-93.2560319,44.9744128],[-93.2559568,44.9743673],[-93.2558871,44.9743256],[-93.255828,44.9742838],[-93.2557798,44.9742421],[-93.2557208,44.9741852],[-93.2556617,44.9741206],[-93.2555974,44.9740485],[-93.2554901,44.9739119],[-93.2553731,44.9737659],[-93.255195,44.9735438],[-93.255174,44.9735186],[-93.2551253,44.9734603],[-93.2550717,44.9733958],[-93.2548862,44.973204],[-93.2548568,44.9731736],[-93.2546908,44.9730239]]}},{"type":"Feature","properties":{"id":127681474,"name":"3rd Avenue South","highway":"tertiary"},"geometry":{"type":"LineString","coordinates":[[-93.2722949,44.9671411],[-93.2722026,44.9672127]]}},{"type":"Feature","properties":{"id":127681476,"name":"3rd Avenue South","highway":"tertiary"},"geometry":{"type":"LineString","coordinates":[[-93.2722026,44.9672127],[-93.2721277,44.9672887],[-93.2719659,44.9674654],[-93.2718358,44.9676131],[-93.2717469,44.9677196],[-93.2716913,44.9678079],[-93.2716773,44.9678362],[-93.2716504,44.9678905],[-93.2716229,44.9679716],[-93.2716048,44.9680498],[-93.2715948,44.9681248],[-93.2715954,44.968214],[-93.2715874,44.9688942],[-93.271586,44.9690352],[-93.2715928,44.969168],[-93.2715975,44.9694967],[-93.2715976,44.9695455],[-93.2716076,44.9695978]]}},{"type":"Feature","properties":{"id":130000586,"name":"South 2nd Street","highway":"tertiary"},"geometry":{"type":"LineString","coordinates":[[-93.255585,44.9777641],[-93.2556584,44.9777951],[-93.255699,44.9778122]]}},{"type":"Feature","properties":{"id":130000587,"name":"South 2nd Street","highway":"tertiary"},"geometry":{"type":"LineString","coordinates":[[-93.255699,44.9778122],[-93.2559207,44.9779055],[-93.2563247,44.9780754],[-93.2564231,44.9781186],[-93.2565472,44.9781698]]}},{"type":"Feature","properties":{"id":130000588,"name":"West River Parkway","highway":"unclassified"},"geometry":{"type":"LineString","coordinates":[[-93.2549431,44.9785115],[-93.2548178,44.9784845],[-93.2545775,44.9784602],[-93.25432,44.9784359],[-93.2535389,44.9784116],[-93.2533072,44.9784056],[-93.2530497,44.9783813],[-93.2528523,44.9783509],[-93.2525948,44.9782963],[-93.2523252,44.9782171],[-93.2521493,44.9781521],[-93.2520079,44.9780924],[-93.2518429,44.9780104],[-93.2515392,44.9778258],[-93.2514953,44.9777999],[-93.2513873,44.9777382]]}},{"type":"Feature","properties":{"id":130000589,"name":"West River Parkway","highway":"unclassified"},"geometry":{"type":"LineString","coordinates":[[-93.255062,44.9785407],[-93.2549431,44.9785115]]}},{"type":"Feature","properties":{"id":131707294,"name":"Washington Avenue South","highway":"secondary"},"geometry":{"type":"LineString","coordinates":[[-93.2540464,44.9728804],[-93.254198,44.972948],[-93.254356,44.973049],[-93.254524,44.973152],[-93.254669,44.97327],[-93.2547093,44.9733129],[-93.2549088,44.9735322]]}},{"type":"Feature","properties":{"id":137121707,"name":"South 1st Street","highway":"tertiary"},"geometry":{"type":"LineString","coordinates":[[-93.2616252,44.9815874],[-93.2610901,44.9813593],[-93.2610435,44.9813394]]}},{"type":"Feature","properties":{"id":137121710,"name":"South 1st Street","highway":"tertiary"},"geometry":{"type":"LineString","coordinates":[[-93.261992,44.9817437],[-93.2616252,44.9815874]]}},{"type":"Feature","properties":{"id":146806873,"name":"South 9th Street","highway":"residential"},"geometry":{"type":"LineString","coordinates":[[-93.2628496,44.9702886],[-93.2627435,44.970244],[-93.2627129,44.9702308],[-93.2619069,44.9698842],[-93.2617789,44.9698488],[-93.2616595,44.9698473],[-93.2615439,44.969872]]}},{"type":"Feature","properties":{"id":147499348,"name":"South 6th Street","highway":"secondary"},"geometry":{"type":"LineString","coordinates":[[-93.267056,44.976011],[-93.266272,44.9756816]]}},{"type":"Feature","properties":{"id":147499349,"name":"6th Street South","highway":"secondary"},"geometry":{"type":"LineString","coordinates":[[-93.266272,44.9756816],[-93.2661203,44.9756174],[-93.266081,44.9756008],[-93.2659739,44.9755549]]}},{"type":"Feature","properties":{"id":154118638,"name":"Washington Avenue South","highway":"primary"},"geometry":{"type":"LineString","coordinates":[[-93.2599219,44.9783632],[-93.2600426,44.9784121],[-93.2605014,44.9785966],[-93.2609018,44.978734],[-93.2612026,44.9788381],[-93.2613213,44.9788792]]}},{"type":"Feature","properties":{"id":154118661,"name":"South 2nd Street","highway":"tertiary"},"geometry":{"type":"LineString","coordinates":[[-93.252346,44.9763889],[-93.252427,44.9764223],[-93.2524553,44.9764333],[-93.2535858,44.9769173],[-93.2536941,44.9769637],[-93.25382,44.977017],[-93.2548933,44.9774708],[-93.2550495,44.9775369],[-93.255585,44.9777641]]}},{"type":"Feature","properties":{"id":156964031,"name":"South 9th Avenue","highway":"residential"},"geometry":{"type":"LineString","coordinates":[[-93.2567417,44.9755596],[-93.2566682,44.9756501],[-93.2564769,44.9758857],[-93.2563002,44.9761034]]}},{"type":"Feature","properties":{"id":156974844,"name":"Unnamed Road","highway":"tertiary_link"},"geometry":{"type":"LineString","coordinates":[[-93.2717592,44.969838],[-93.2716179,44.9698863],[-93.2715238,44.9699403],[-93.2714218,44.9699768]]}},{"type":"Feature","properties":{"id":158466780,"name":"Unnamed Road","highway":"tertiary_link"},"geometry":{"type":"LineString","coordinates":[[-93.2716967,44.9672107],[-93.2717806,44.9672297],[-93.2718437,44.967255],[-93.2718833,44.9672877],[-93.2718998,44.9673094],[-93.2719106,44.9673237],[-93.2719292,44.9673635],[-93.2719491,44.9674154],[-93.2719659,44.9674654]]}},{"type":"Feature","properties":{"id":168208843,"name":"East 16th Street","highway":"tertiary"},"geometry":{"type":"LineString","coordinates":[[-93.2740823,44.9671664],[-93.2744942,44.9671657],[-93.2754095,44.9671644],[-93.2755362,44.9671688]]}},{"type":"Feature","properties":{"id":168208844,"name":"East 15th Street","highway":"tertiary"},"geometry":{"type":"LineString","coordinates":[[-93.276665,44.9677065],[-93.2767726,44.9677318],[-93.2768693,44.9677498],[-93.276974,44.9677622],[-93.2770957,44.9677663],[-93.2776007,44.9677644],[-93.2776898,44.9677505],[-93.2778216,44.96773]]}},{"type":"Feature","properties":{"id":170637750,"name":"12th Avenue South","highway":"residential"},"geometry":{"type":"LineString","coordinates":[[-93.2509742,44.975805],[-93.2510169,44.975755],[-93.2510419,44.9757257],[-93.2510531,44.9757125],[-93.2513944,44.975313],[-93.2516009,44.9750711],[-93.2516918,44.9749773],[-93.2517694,44.9748972]]}},{"type":"Feature","properties":{"id":177599275,"name":"South 2nd Street","highway":"residential"},"geometry":{"type":"LineString","coordinates":[[-93.2660171,44.9820972],[-93.2659077,44.982051],[-93.2657861,44.9820009],[-93.2652989,44.9818002],[-93.2649355,44.9816422],[-93.2647963,44.9815816],[-93.2647822,44.9815755],[-93.2646246,44.9815701]]}},{"type":"Feature","properties":{"id":178988774,"name":"Clifton Avenue","highway":"residential"},"geometry":{"type":"LineString","coordinates":[[-93.2793535,44.9654038],[-93.2794429,44.965401],[-93.2798348,44.9654002]]}},{"type":"Feature","properties":{"id":183245941,"name":"Marquette Avenue","highway":"tertiary"},"geometry":{"type":"LineString","coordinates":[[-93.274123,44.9723851],[-93.2740277,44.9724982],[-93.2738231,44.9727338],[-93.2736849,44.9729038],[-93.2736718,44.9729206]]}},{"type":"Feature","properties":{"id":183245986,"name":"South 12th Street","highway":"tertiary"},"geometry":{"type":"LineString","coordinates":[[-93.274928,44.971443],[-93.2748084,44.9713934],[-93.274375,44.9712139],[-93.2736772,44.9709242],[-93.273545,44.97087]]}},{"type":"Feature","properties":{"id":183245988,"name":"South 1st Street","highway":"tertiary"},"geometry":{"type":"LineString","coordinates":[[-93.262444,44.98196],[-93.2623014,44.9818815],[-93.261992,44.9817437]]}},{"type":"Feature","properties":{"id":183245992,"name":"South 1st Street","highway":"tertiary"},"geometry":{"type":"LineString","coordinates":[[-93.2651282,44.9831362],[-93.2650132,44.9830871],[-93.2644473,44.9828454],[-93.2639031,44.982613],[-93.2637913,44.9825651]]}},{"type":"Feature","properties":{"id":183455939,"name":"11th Street South","highway":"tertiary"},"geometry":{"type":"LineString","coordinates":[[-93.2695474,44.9703095],[-93.2695607,44.9703233]]}},{"type":"Feature","properties":{"id":183455941,"name":"Unnamed Road","highway":"secondary_link"},"geometry":{"type":"LineString","coordinates":[[-93.2546373,44.9707486],[-93.2544863,44.970672]]}},{"type":"Feature","properties":{"id":183455960,"name":"4th Avenue South","highway":"tertiary"},"geometry":{"type":"LineString","coordinates":[[-93.2709069,44.9699616],[-93.2708,44.9699616]]}},{"type":"Feature","properties":{"id":183565976,"name":"South 8th Street","highway":"secondary"},"geometry":{"type":"LineString","coordinates":[[-93.2716944,44.9753571],[-93.2715793,44.9753098],[-93.2709518,44.9750447],[-93.2704536,44.9748351],[-93.270349,44.9747911],[-93.2702175,44.9747345],[-93.2694167,44.9743899],[-93.2691143,44.9742597],[-93.2689786,44.9742013],[-93.2688489,44.9741475],[-93.2681047,44.9738389],[-93.2677391,44.9736873],[-93.2675933,44.9736268]]}},{"type":"Feature","properties":{"id":195796305,"name":"Norm McGrew Place","highway":"residential"},"geometry":{"type":"LineString","coordinates":[[-93.2569771,44.9752657],[-93.2570685,44.9752201],[-93.2571637,44.9751027],[-93.2571922,44.9750692],[-93.2572321,44.975027],[-93.2572439,44.9749265]]}},{"type":"Feature","properties":{"id":195796306,"name":"Norm McGrew Place","highway":"residential"},"geometry":{"type":"LineString","coordinates":[[-93.2572439,44.9749265],[-93.2571458,44.9749896],[-93.2571112,44.9750347],[-93.2570857,44.9750691],[-93.2570449,44.9751151],[-93.2569848,44.9751892],[-93.2569771,44.9752657]]}},{"type":"Feature","properties":{"id":202580750,"name":"LaSalle Avenue","highway":"tertiary"},"geometry":{"type":"LineString","coordinates":[[-93.2791735,44.9710789],[-93.2792225,44.9710042],[-93.2792702,44.9709124],[-93.2793006,44.9708539],[-93.2793184,44.9707938],[-93.2793349,44.9706892],[-93.2793355,44.9705205],[-93.2793359,44.9703985],[-93.2793372,44.9700526],[-93.2793376,44.9699418],[-93.2793379,44.9698589]]}},{"type":"Feature","properties":{"id":202580751,"name":"LaSalle Avenue","highway":"tertiary"},"geometry":{"type":"LineString","coordinates":[[-93.2788552,44.9714672],[-93.2791735,44.9710789]]}},{"type":"Feature","properties":{"id":204880312,"name":"East 15th Street","highway":"residential"},"geometry":{"type":"LineString","coordinates":[[-93.2625612,44.9680225],[-93.2624418,44.9679956],[-93.2622036,44.967993],[-93.2617999,44.9679895],[-93.2610481,44.9679828],[-93.260252,44.9679841],[-93.2598003,44.9679849],[-93.2596871,44.9679851]]}},{"type":"Feature","properties":{"id":204880398,"name":"Nicollet Avenue","highway":"tertiary"},"geometry":{"type":"LineString","coordinates":[[-93.27783,44.9698423],[-93.2778194,44.9697429],[-93.2778179,44.9695188],[-93.277817,44.9693738],[-93.277817,44.9689211],[-93.277817,44.968792],[-93.2778186,44.9684007],[-93.277819,44.9683018]]}},{"type":"Feature","properties":{"id":204880399,"name":"West Grant Street","highway":"tertiary"},"geometry":{"type":"LineString","coordinates":[[-93.2793379,44.9698589],[-93.2794626,44.9698672],[-93.2797602,44.9698687],[-93.2800892,44.9698697],[-93.2803007,44.9698704],[-93.2807062,44.9698717],[-93.2808384,44.9698721],[-93.2810334,44.969872],[-93.2811859,44.9698723],[-93.2812132,44.9698723],[-93.2816474,44.9698727],[-93.281772,44.9698734],[-93.2818566,44.9698735]]}},{"type":"Feature","properties":{"id":204881080,"name":"Portland Avenue","highway":"residential"},"geometry":{"type":"LineString","coordinates":[[-93.2584663,44.9800662],[-93.2585175,44.9800088],[-93.2590671,44.9793539],[-93.2591266,44.9792831]]}},{"type":"Feature","properties":{"id":204881081,"name":"5th Avenue South","highway":"tertiary"},"geometry":{"type":"LineString","coordinates":[[-93.2613213,44.9788792],[-93.2612365,44.978974],[-93.2610103,44.9792418],[-93.2609798,44.979278],[-93.2609293,44.979367],[-93.2608692,44.9795042],[-93.2608368,44.9795742],[-93.2607736,44.979679],[-93.2606659,44.9798125],[-93.2606405,44.9798475],[-93.2605958,44.9799024]]}},{"type":"Feature","properties":{"id":225022517,"name":"East 17th Street","highway":"residential"},"geometry":{"type":"LineString","coordinates":[[-93.2753074,44.9662713],[-93.275231,44.9662717],[-93.2746865,44.9662775],[-93.274116,44.9662758],[-93.2740473,44.9662758]]}},{"type":"Feature","properties":{"id":225022522,"name":"3rd Avenue South","highway":"tertiary"},"geometry":{"type":"LineString","coordinates":[[-93.2727763,44.9662748],[-93.272772,44.9663304],[-93.2727666,44.9663611]]}},{"type":"Feature","properties":{"id":232722895,"name":"Unnamed Road","highway":"primary_link"},"geometry":{"type":"LineString","coordinates":[[-93.2523379,44.9749991],[-93.2521343,44.9749505],[-93.2519575,44.9748835],[-93.2519085,44.9748769],[-93.251848,44.9748806],[-93.2517694,44.9748972]]}},{"type":"Feature","properties":{"id":232722896,"name":"Unnamed Road","highway":"primary_link"},"geometry":{"type":"LineString","coordinates":[[-93.2511886,44.9746389],[-93.2516352,44.9747928],[-93.2516803,44.9747964],[-93.2517093,44.9747987],[-93.2517677,44.9747943],[-93.2518463,44.9747829]]}},{"type":"Feature","properties":{"id":232722897,"name":"12th Avenue South","highway":"residential"},"geometry":{"type":"LineString","coordinates":[[-93.2518463,44.9747829],[-93.2519008,44.974717],[-93.2522572,44.9743053],[-93.2524898,44.9740355],[-93.2526022,44.9739063],[-93.252654,44.9738468]]}},{"type":"Feature","properties":{"id":261472035,"name":"5th Avenue South","highway":"secondary"},"geometry":{"type":"LineString","coordinates":[[-93.2613879,44.9787992],[-93.2613213,44.9788792]]}},{"type":"Feature","properties":{"id":264242186,"name":"East 17th Street","highway":"residential"},"geometry":{"type":"LineString","coordinates":[[-93.2740473,44.9662758],[-93.2739682,44.9662747],[-93.2734018,44.9662795],[-93.2729322,44.9662757],[-93.2728882,44.966276],[-93.2727763,44.9662748]]}},{"type":"Feature","properties":{"id":264242352,"name":"2nd Avenue South","highway":"residential"},"geometry":{"type":"LineString","coordinates":[[-93.2740486,44.9651313],[-93.2740486,44.9651572],[-93.2740481,44.9652178]]}},{"type":"Feature","properties":{"id":264242353,"name":"2nd Avenue South","highway":"residential"},"geometry":{"type":"LineString","coordinates":[[-93.2740481,44.9652178],[-93.2740492,44.9652902],[-93.2740491,44.9655139],[-93.2740478,44.9657952],[-93.2740482,44.9659004],[-93.2740465,44.9662046],[-93.2740471,44.9662134],[-93.2740473,44.9662758]]}},{"type":"Feature","properties":{"id":264242354,"name":"3rd Avenue South","highway":"tertiary"},"geometry":{"type":"LineString","coordinates":[[-93.2727763,44.9662748],[-93.2727773,44.9662131],[-93.2727758,44.9657185],[-93.2727756,44.9656516],[-93.2727744,44.9652841],[-93.2727751,44.965225],[-93.2727759,44.9651615],[-93.2727738,44.9645481]]}},{"type":"Feature","properties":{"id":292316652,"name":"South 6th Street","highway":"secondary"},"geometry":{"type":"LineString","coordinates":[[-93.2715455,44.9778943],[-93.2714579,44.9778566]]}},{"type":"Feature","properties":{"id":325986846,"name":"Unnamed Road","highway":"unclassified"},"geometry":{"type":"LineString","coordinates":[[-93.2579926,44.9807488],[-93.2572679,44.9804876],[-93.2571856,44.9804669],[-93.2570887,44.9804485],[-93.2570194,44.9804225],[-93.2568587,44.9802982],[-93.256811,44.9802671],[-93.2567392,44.9802388],[-93.2566693,44.980226],[-93.2563312,44.9802202],[-93.2561671,44.9802093],[-93.2561483,44.9802053],[-93.256006,44.9801748],[-93.2558757,44.9801232],[-93.2557436,44.9800443],[-93.2553513,44.9797695]]}},{"type":"Feature","properties":{"id":325989108,"name":"Unnamed Road","highway":"unclassified"},"geometry":{"type":"LineString","coordinates":[[-93.2544057,44.9791556],[-93.2543613,44.9791005],[-93.254311,44.9790411],[-93.2542501,44.9789838],[-93.2540559,44.9789184],[-93.2539924,44.9789285],[-93.2539365,44.9789594],[-93.2539186,44.979008],[-93.2539395,44.979061],[-93.2540488,44.9791113],[-93.2541433,44.9791531],[-93.2542628,44.979158],[-93.2544057,44.9791556]]}},{"type":"Feature","properties":{"id":332489679,"name":"11th Avenue South","highway":"tertiary"},"geometry":{"type":"LineString","coordinates":[[-93.2549514,44.9733009],[-93.2548258,44.9733804],[-93.2547393,44.9734828]]}},{"type":"Feature","properties":{"id":332489680,"name":"11th Avenue South","highway":"tertiary"},"geometry":{"type":"LineString","coordinates":[[-93.2544679,44.9738784],[-93.2545392,44.9738371],[-93.2545862,44.9737858],[-93.2546699,44.9736826],[-93.2547039,44.9736446],[-93.2547923,44.9735371]]}},{"type":"Feature","properties":{"id":332489693,"name":"11th Avenue South","highway":"tertiary"},"geometry":{"type":"LineString","coordinates":[[-93.2547923,44.9735371],[-93.2548853,44.9734205],[-93.2549514,44.9733009]]}},{"type":"Feature","properties":{"id":332489694,"name":"11th Avenue South","highway":"tertiary"},"geometry":{"type":"LineString","coordinates":[[-93.2547393,44.9734828],[-93.2546611,44.9735821],[-93.2546262,44.9736224],[-93.2545306,44.9737394],[-93.2544762,44.9738013],[-93.2544679,44.9738784]]}},{"type":"Feature","properties":{"id":336683227,"name":"East Grant Street","highway":"tertiary"},"geometry":{"type":"LineString","coordinates":[[-93.2678655,44.9697975],[-93.2679488,44.9698354],[-93.2680288,44.9698485],[-93.2680937,44.9698562],[-93.2685023,44.9698585],[-93.2686163,44.9698591],[-93.2687504,44.9698591],[-93.2688255,44.9698667],[-93.2689113,44.9698819],[-93.2689971,44.9699047],[-93.2690669,44.969935]]}},{"type":"Feature","properties":{"id":336683228,"name":"East Grant Street","highway":"tertiary"},"geometry":{"type":"LineString","coordinates":[[-93.2687029,44.9697888],[-93.2681831,44.9697785],[-93.2681156,44.9697785],[-93.2679761,44.9697669],[-93.2678655,44.9697975]]}},{"type":"Feature","properties":{"id":336683229,"name":"South 9th Street","highway":"tertiary"},"geometry":{"type":"LineString","coordinates":[[-93.2657087,44.971513],[-93.2658305,44.9715655],[-93.2661896,44.9717202],[-93.2663779,44.9718014],[-93.2669553,44.9720435],[-93.2670021,44.9720631],[-93.267052,44.972084]]}},{"type":"Feature","properties":{"id":413203598,"name":"South 6th Street","highway":"secondary"},"geometry":{"type":"LineString","coordinates":[[-93.2591733,44.9726617],[-93.2590898,44.9726258],[-93.2589329,44.9725583],[-93.2580522,44.9721798],[-93.2579251,44.9721251],[-93.2578092,44.9720753],[-93.2577254,44.9720396],[-93.2565945,44.9715589],[-93.2564659,44.9715038]]}},{"type":"Feature","properties":{"id":413203599,"name":"Park Avenue","highway":"tertiary"},"geometry":{"type":"LineString","coordinates":[[-93.2619102,44.9738273],[-93.2618384,44.9739106],[-93.2615719,44.9742196],[-93.2615054,44.9743022],[-93.2611587,44.9746993],[-93.2611178,44.9747462],[-93.2610855,44.9747871],[-93.2610554,44.9748235],[-93.2610023,44.9748856]]}},{"type":"Feature","properties":{"id":420785339,"name":"2nd Avenue South","highway":"tertiary"},"geometry":{"type":"LineString","coordinates":[[-93.2654276,44.9806192],[-93.2654958,44.9805417]]}},{"type":"Feature","properties":{"id":422272132,"name":"3rd Avenue South","highway":"tertiary"},"geometry":{"type":"LineString","coordinates":[[-93.2665671,44.9770456],[-93.2665316,44.9770868],[-93.266506,44.9771164],[-93.2664722,44.9771562],[-93.2661162,44.9775755],[-93.26579,44.9779928],[-93.2657269,44.9780719]]}},{"type":"Feature","properties":{"id":422272151,"name":"South 4th Street","highway":"secondary"},"geometry":{"type":"LineString","coordinates":[[-93.267075,44.978622],[-93.266978,44.978581],[-93.2668952,44.9785461],[-93.2663782,44.9783365],[-93.2662687,44.9782865],[-93.2658546,44.9781242],[-93.2657269,44.9780719]]}},{"type":"Feature","properties":{"id":443045701,"name":"South 5th Street","highway":"unclassified"},"geometry":{"type":"LineString","coordinates":[[-93.2624955,44.9753213],[-93.2626032,44.9753695],[-93.2637391,44.975854],[-93.2638576,44.975904]]}},{"type":"Feature","properties":{"id":443045702,"name":"South 5th Street","highway":"unclassified"},"geometry":{"type":"LineString","coordinates":[[-93.2610554,44.9748235],[-93.2611605,44.9748837],[-93.2623256,44.9753872],[-93.2624148,44.9754252]]}},{"type":"Feature","properties":{"id":444767005,"name":"Portland Avenue","highway":"tertiary"},"geometry":{"type":"LineString","coordinates":[[-93.2608291,44.9773013],[-93.2609039,44.9772115],[-93.2610953,44.9769815],[-93.2614321,44.9765837]]}},{"type":"Feature","properties":{"id":444767013,"name":"South 3rd Street","highway":"secondary"},"geometry":{"type":"LineString","coordinates":[[-93.2662534,44.9796196],[-93.266379,44.9796729],[-93.2664486,44.9797025],[-93.2667338,44.9798235],[-93.2667896,44.9798472],[-93.2669146,44.9799006],[-93.2669376,44.9799104],[-93.267493,44.9801452],[-93.2676308,44.9802035]]}},{"type":"Feature","properties":{"id":444767023,"name":"South 5th Street","highway":"unclassified"},"geometry":{"type":"LineString","coordinates":[[-93.2624148,44.9754252],[-93.2625177,44.9754685],[-93.2627845,44.9755799],[-93.2632235,44.9757632],[-93.2636592,44.9759478],[-93.2637846,44.9759996]]}},{"type":"Feature","properties":{"id":444767025,"name":"Portland Avenue","highway":"tertiary"},"geometry":{"type":"LineString","coordinates":[[-93.2624148,44.9754252],[-93.2624437,44.9753868],[-93.2624562,44.9753704]]}},{"type":"Feature","properties":{"id":444767032,"name":"Park Avenue","highway":"tertiary"},"geometry":{"type":"LineString","coordinates":[[-93.2608613,44.9750505],[-93.2607074,44.9752326]]}},{"type":"Feature","properties":{"id":444767047,"name":"Park Avenue","highway":"tertiary"},"geometry":{"type":"LineString","coordinates":[[-93.259007,44.9772372],[-93.258881,44.9773919],[-93.2587053,44.9776034],[-93.258645,44.9776772]]}},{"type":"Feature","properties":{"id":454887646,"name":"West 15th Street","highway":"tertiary"},"geometry":{"type":"LineString","coordinates":[[-93.2818419,44.967731],[-93.2820143,44.9677507],[-93.2821443,44.9677676],[-93.2821852,44.9677729],[-93.2831677,44.9679006],[-93.2833519,44.9679245]]}},{"type":"Feature","properties":{"id":454887648,"name":"East 16th Street","highway":"tertiary"},"geometry":{"type":"LineString","coordinates":[[-93.2727269,44.9671389],[-93.2724878,44.9671399],[-93.2722949,44.9671411]]}},{"type":"Feature","properties":{"id":454887649,"name":"East 15th Street","highway":"tertiary"},"geometry":{"type":"LineString","coordinates":[[-93.265116,44.9680643],[-93.2649608,44.9680612],[-93.2645604,44.9680603],[-93.2643133,44.9680597],[-93.2639228,44.9680588],[-93.2633401,44.9680575],[-93.2627315,44.9680561],[-93.2627048,44.9680563],[-93.2625612,44.9680225]]}},{"type":"Feature","properties":{"id":454887650,"name":"Park Avenue","highway":"tertiary"},"geometry":{"type":"LineString","coordinates":[[-93.265116,44.9680643],[-93.2651161,44.9681337],[-93.2651168,44.9685631],[-93.2651192,44.9688525],[-93.2651194,44.9689478]]}},{"type":"Feature","properties":{"id":461209911,"name":"South 7th Street","highway":"secondary"},"geometry":{"type":"LineString","coordinates":[[-93.2620634,44.9725679],[-93.2625027,44.9727554]]}},{"type":"Feature","properties":{"id":461209912,"name":"South 7th Street","highway":"secondary"},"geometry":{"type":"LineString","coordinates":[[-93.255897,44.9699663],[-93.2561407,44.9700684],[-93.2563112,44.9701398],[-93.2564745,44.9702081],[-93.2564959,44.9702171],[-93.2566578,44.9702849],[-93.2566917,44.9702991],[-93.2568295,44.9703568],[-93.2571755,44.9705017],[-93.2572596,44.9705369]]}},{"type":"Feature","properties":{"id":492433590,"name":"South 7th Street","highway":"secondary"},"geometry":{"type":"LineString","coordinates":[[-93.2615739,44.9723585],[-93.2617781,44.9724467]]}},{"type":"Feature","properties":{"id":492433591,"name":"South 7th Street","highway":"secondary"},"geometry":{"type":"LineString","coordinates":[[-93.2617781,44.9724467],[-93.2620634,44.9725679]]}},{"type":"Feature","properties":{"id":500780060,"name":"South 9th Street","highway":"tertiary"},"geometry":{"type":"LineString","coordinates":[[-93.2680694,44.9725016],[-93.2682894,44.9725919],[-93.268392,44.972634]]}},{"type":"Feature","properties":{"id":500780061,"name":"South 9th Street","highway":"tertiary"},"geometry":{"type":"LineString","coordinates":[[-93.268392,44.972634],[-93.2685234,44.9726895],[-93.2687762,44.9727963],[-93.2689425,44.9728665],[-93.2693866,44.973054],[-93.2696501,44.9731655],[-93.2697753,44.9732184],[-93.2699205,44.9732794],[-93.2700202,44.9733213],[-93.2703313,44.973452],[-93.2707061,44.9736095],[-93.2708686,44.9736757]]}},{"type":"Feature","properties":{"id":500780062,"name":"South 9th Street","highway":"tertiary"},"geometry":{"type":"LineString","coordinates":[[-93.2708686,44.9736757],[-93.2709555,44.9737143],[-93.2710536,44.9737568],[-93.2711736,44.973811]]}},{"type":"Feature","properties":{"id":500780063,"name":"South 9th Street","highway":"tertiary"},"geometry":{"type":"LineString","coordinates":[[-93.2711736,44.973811],[-93.2712905,44.9738618],[-93.2715072,44.9739565],[-93.2724028,44.9743586],[-93.2724786,44.9743927],[-93.2726224,44.9744546],[-93.272853,44.9745541],[-93.2731466,44.9746807],[-93.2733046,44.9747489],[-93.2737767,44.9749496],[-93.2738887,44.9749972]]}},{"type":"Feature","properties":{"id":500780064,"name":"South 9th Street","highway":"tertiary"},"geometry":{"type":"LineString","coordinates":[[-93.2749344,44.9754484],[-93.2751884,44.9755571],[-93.2752743,44.9755939]]}},{"type":"Feature","properties":{"id":524604474,"name":"4th Avenue South","highway":"secondary"},"geometry":{"type":"LineString","coordinates":[[-93.2675933,44.9736268],[-93.26766,44.9735439],[-93.2683172,44.972727],[-93.268392,44.972634]]}},{"type":"Feature","properties":{"id":524604475,"name":"5th Avenue South","highway":"secondary"},"geometry":{"type":"LineString","coordinates":[[-93.2638194,44.9759544],[-93.2638071,44.9759706],[-93.2637846,44.9759996],[-93.2637572,44.9760343],[-93.2630849,44.9768321],[-93.2630272,44.9769033]]}},{"type":"Feature","properties":{"id":554343660,"name":"Washington Avenue South","highway":"primary"},"geometry":{"type":"LineString","coordinates":[[-93.2655429,44.980667],[-93.2658858,44.9808199],[-93.2662187,44.9809649]]}},{"type":"Feature","properties":{"id":554343665,"name":"Washington Avenue South","highway":"primary"},"geometry":{"type":"LineString","coordinates":[[-93.2532132,44.9753643],[-93.2531265,44.9753302],[-93.2530983,44.9753191],[-93.2523379,44.9749991]]}},{"type":"Feature","properties":{"id":556002353,"name":"Chicago Avenue","highway":"tertiary"},"geometry":{"type":"LineString","coordinates":[[-93.2580961,44.9761358],[-93.2581658,44.9760585],[-93.2583309,44.9758773],[-93.2587922,44.9753698],[-93.2588304,44.9753278],[-93.2588715,44.9752722],[-93.258916,44.9752199],[-93.2589334,44.9751983]]}},{"type":"Feature","properties":{"id":556002354,"name":"Chicago Avenue","highway":"tertiary"},"geometry":{"type":"LineString","coordinates":[[-93.2600751,44.9738732],[-93.260456,44.9733749],[-93.2604616,44.9733676],[-93.260551,44.9732522]]}},{"type":"Feature","properties":{"id":556006449,"name":"South 4th Street","highway":"secondary"},"geometry":{"type":"LineString","coordinates":[[-93.2630272,44.9769033],[-93.2629099,44.9768576],[-93.2624021,44.9766443],[-93.2622432,44.9765779],[-93.2621125,44.9765234],[-93.2619922,44.9764732],[-93.261778,44.976384],[-93.2617058,44.9763537],[-93.2616513,44.9763306]]}},{"type":"Feature","properties":{"id":556007796,"name":"South 6th Street","highway":"secondary"},"geometry":{"type":"LineString","coordinates":[[-93.2564659,44.9715038],[-93.2563566,44.9714586],[-93.2558279,44.9712397],[-93.2553944,44.9710602],[-93.2550724,44.9709269]]}},{"type":"Feature","properties":{"id":556007797,"name":"South 6th Street","highway":"secondary"},"geometry":{"type":"LineString","coordinates":[[-93.2619102,44.9738273],[-93.2617951,44.9737786],[-93.260663,44.9732996],[-93.260551,44.9732522]]}},{"type":"Feature","properties":{"id":556008855,"name":"11th Avenue South","highway":"tertiary"},"geometry":{"type":"LineString","coordinates":[[-93.2540141,44.9744082],[-93.2540855,44.9743248],[-93.2544679,44.9738784]]}},{"type":"Feature","properties":{"id":556008857,"name":"11th Avenue South","highway":"tertiary"},"geometry":{"type":"LineString","coordinates":[[-93.255022,44.9732037],[-93.2553423,44.9728214],[-93.2555669,44.9725555],[-93.2555741,44.9725463],[-93.2556055,44.9725069],[-93.2556685,44.9724317],[-93.2557213,44.9723761],[-93.2560169,44.9720286]]}},{"type":"Feature","properties":{"id":556009204,"name":"Portland Avenue","highway":"tertiary"},"geometry":{"type":"LineString","coordinates":[[-93.2616513,44.9763306],[-93.2617166,44.9762551],[-93.2623837,44.9754635],[-93.2624148,44.9754252]]}},{"type":"Feature","properties":{"id":556009477,"name":"Park Avenue","highway":"tertiary"},"geometry":{"type":"LineString","coordinates":[[-93.2602749,44.9757463],[-93.26023,44.9758535],[-93.2597239,44.9764548],[-93.2595613,44.9766519],[-93.2594932,44.9767333]]}},{"type":"Feature","properties":{"id":556009557,"name":"11th Avenue South","highway":"tertiary"},"geometry":{"type":"LineString","coordinates":[[-93.2564659,44.9715038],[-93.2565369,44.9714174],[-93.2569985,44.970855],[-93.2572018,44.9706073],[-93.2572596,44.9705369]]}},{"type":"Feature","properties":{"id":556010547,"name":"South 5th Street","highway":"unclassified"},"geometry":{"type":"LineString","coordinates":[[-93.2638576,44.975904],[-93.2639697,44.9759523],[-93.2650869,44.976429],[-93.2652014,44.9764779]]}},{"type":"Feature","properties":{"id":556010911,"name":"South 6th Street","highway":"secondary"},"geometry":{"type":"LineString","coordinates":[[-93.2659739,44.9755549],[-93.2658835,44.9755163],[-93.2652461,44.9752437],[-93.2651155,44.9751878]]}},{"type":"Feature","properties":{"id":636154174,"name":"South 7th Street","highway":"secondary"},"geometry":{"type":"LineString","coordinates":[[-93.2708693,44.9763273],[-93.2710142,44.9763857],[-93.2720435,44.9768116],[-93.2721674,44.9768632],[-93.2722591,44.9769014]]}},{"type":"Feature","properties":{"id":636154176,"name":"Marquette Avenue","highway":"tertiary"},"geometry":{"type":"LineString","coordinates":[[-93.26845,44.979212],[-93.2683863,44.9792888],[-93.2683684,44.9793103],[-93.2680898,44.9796457],[-93.2679673,44.9797932],[-93.267708,44.9801095],[-93.2676308,44.9802035],[-93.2676039,44.9802341],[-93.2675606,44.9802836],[-93.2668865,44.9810673],[-93.2668686,44.9810871],[-93.2668371,44.9811237]]}},{"type":"Feature","properties":{"id":636154177,"name":"South 4th Street","highway":"secondary"},"geometry":{"type":"LineString","coordinates":[[-93.26845,44.979212],[-93.2683369,44.9791635],[-93.2676242,44.9788577],[-93.2672231,44.9786856],[-93.267075,44.978622]]}},{"type":"Feature","properties":{"id":636154194,"name":"South 4th Street","highway":"secondary"},"geometry":{"type":"LineString","coordinates":[[-93.2657269,44.9780719],[-93.2656043,44.9780179],[-93.264489,44.9775264],[-93.2643722,44.9774781]]}},{"type":"Feature","properties":{"id":636154195,"name":"4th Avenue South","highway":"secondary"},"geometry":{"type":"LineString","coordinates":[[-93.2635605,44.9784429],[-93.263617,44.9783698],[-93.2639496,44.9779695],[-93.2642913,44.9775683],[-93.2643079,44.9775474],[-93.2643722,44.9774781]]}},{"type":"Feature","properties":{"id":636154196,"name":"4th Avenue South","highway":"secondary"},"geometry":{"type":"LineString","coordinates":[[-93.2627544,44.9793726],[-93.2627905,44.9793267],[-93.2628124,44.9792999],[-93.2631506,44.978911],[-93.2631731,44.9788861],[-93.2634739,44.9785389],[-93.2635058,44.9785064],[-93.2635605,44.9784429]]}},{"type":"Feature","properties":{"id":636334384,"name":"South 8th Street","highway":"secondary"},"geometry":{"type":"LineString","coordinates":[[-93.2621797,44.9713219],[-93.2620586,44.9712704],[-93.2615177,44.9710404],[-93.2609124,44.970783],[-93.2608051,44.9707373],[-93.2607042,44.9706936],[-93.2602612,44.9705052],[-93.2594949,44.9701793],[-93.2587679,44.9698701],[-93.2584793,44.9697474],[-93.25821,44.9696329],[-93.2580848,44.9695868],[-93.2579845,44.9695404],[-93.2577663,44.9694482],[-93.2576595,44.9694031],[-93.2572803,44.9692428]]}},{"type":"Feature","properties":{"id":636334385,"name":"South 7th Street","highway":"secondary"},"geometry":{"type":"LineString","coordinates":[[-93.2613501,44.9722669],[-93.2614736,44.9723175],[-93.2615739,44.9723585]]}},{"type":"Feature","properties":{"id":636334386,"name":"Chicago Avenue","highway":"tertiary"},"geometry":{"type":"LineString","coordinates":[[-93.2613501,44.9722669],[-93.2612836,44.9723489],[-93.261151,44.9725124],[-93.2610156,44.9726793],[-93.2609088,44.972811],[-93.2606231,44.9731632],[-93.260551,44.9732522]]}},{"type":"Feature","properties":{"id":636334387,"name":"Chicago Avenue","highway":"tertiary"},"geometry":{"type":"LineString","coordinates":[[-93.2621797,44.9713219],[-93.2621126,44.9713984],[-93.2615077,44.9720874],[-93.2614092,44.9721996],[-93.2613501,44.9722669]]}},{"type":"Feature","properties":{"id":636383760,"name":"South 9th Street","highway":"tertiary"},"geometry":{"type":"LineString","coordinates":[[-93.2643798,44.9709457],[-93.2644715,44.9709847],[-93.2650212,44.9712188],[-93.2652397,44.9713123],[-93.265595,44.9714644],[-93.2657087,44.971513]]}},{"type":"Feature","properties":{"id":636383762,"name":"Portland Avenue","highway":"tertiary"},"geometry":{"type":"LineString","coordinates":[[-93.2648849,44.972474],[-93.2649561,44.9723898],[-93.2652815,44.972005],[-93.2655553,44.9716896]]}},{"type":"Feature","properties":{"id":636383780,"name":"Portland Avenue","highway":"tertiary"},"geometry":{"type":"LineString","coordinates":[[-93.267656,44.9651958],[-93.2676574,44.9651187],[-93.2676542,44.965058],[-93.2676547,44.9649093]]}},{"type":"Feature","properties":{"id":636383830,"name":"South 8th Street","highway":"secondary"},"geometry":{"type":"LineString","coordinates":[[-93.2648849,44.972474],[-93.2647868,44.9724329],[-93.2645416,44.9723323],[-93.2644436,44.9722898],[-93.2638863,44.9720557],[-93.2636436,44.971954],[-93.2635532,44.9719161],[-93.2634329,44.9718616],[-93.2631854,44.9717494],[-93.2631355,44.9717268],[-93.2627206,44.9715516],[-93.2626314,44.9715139],[-93.2622906,44.971369],[-93.2621797,44.9713219]]}},{"type":"Feature","properties":{"id":636383831,"name":"Portland Avenue","highway":"tertiary"},"geometry":{"type":"LineString","coordinates":[[-93.2640892,44.9734355],[-93.2641517,44.9733599],[-93.2645385,44.9728925],[-93.2648286,44.9725416],[-93.2648849,44.972474]]}},{"type":"Feature","properties":{"id":636383832,"name":"Park Avenue","highway":"tertiary"},"geometry":{"type":"LineString","coordinates":[[-93.2643798,44.9709457],[-93.2643189,44.9710193],[-93.2641441,44.9712305],[-93.264112,44.9712693],[-93.2639599,44.9714431],[-93.2639097,44.9715015],[-93.2637507,44.9716864],[-93.2636273,44.97183],[-93.2635532,44.9719161],[-93.2634913,44.9719862],[-93.2633126,44.9721883],[-93.2628964,44.972659],[-93.2627956,44.972773],[-93.2627283,44.9728491]]}},{"type":"Feature","properties":{"id":636383833,"name":"South 9th Street","highway":"tertiary"},"geometry":{"type":"LineString","coordinates":[[-93.2630478,44.9703772],[-93.2631086,44.970403],[-93.2636608,44.9706373],[-93.2642372,44.9708845],[-93.2643798,44.9709457]]}},{"type":"Feature","properties":{"id":636383840,"name":"South 4th Street","highway":"secondary"},"geometry":{"type":"LineString","coordinates":[[-93.2697234,44.979758],[-93.269448,44.9796399],[-93.268952,44.9794273],[-93.2689332,44.9794192],[-93.2688878,44.9793997],[-93.2687626,44.9793468]]}},{"type":"Feature","properties":{"id":636383841,"name":"South 6th Street","highway":"secondary"},"geometry":{"type":"LineString","coordinates":[[-93.2714579,44.9778566],[-93.2713526,44.9778117],[-93.2712658,44.9777747],[-93.2708765,44.9776091],[-93.2707404,44.9775531],[-93.2704543,44.9774353],[-93.2704352,44.9774275]]}},{"type":"Feature","properties":{"id":636383842,"name":"Marquette Avenue","highway":"tertiary"},"geometry":{"type":"LineString","coordinates":[[-93.2708693,44.9763273],[-93.2707987,44.9764096],[-93.2701524,44.9772016],[-93.2700841,44.9772805]]}},{"type":"Feature","properties":{"id":636383844,"name":"5th Avenue South","highway":"secondary"},"geometry":{"type":"LineString","coordinates":[[-93.2630272,44.9769033],[-93.2629752,44.9769662],[-93.2629489,44.9769984],[-93.2624343,44.9775961]]}},{"type":"Feature","properties":{"id":636383874,"name":"Washington Avenue South","highway":"primary"},"geometry":{"type":"LineString","coordinates":[[-93.2615245,44.9788563],[-93.2613879,44.9787992]]}},{"type":"Feature","properties":{"id":636383875,"name":"Washington Avenue South","highway":"primary"},"geometry":{"type":"LineString","coordinates":[[-93.2622049,44.9792486],[-93.2625765,44.9794079],[-93.2626935,44.9794558]]}},{"type":"Feature","properties":{"id":636383876,"name":"South 4th Street","highway":"secondary"},"geometry":{"type":"LineString","coordinates":[[-93.2643722,44.9774781],[-93.2642462,44.9774268],[-93.2631364,44.9769518],[-93.2630272,44.9769033]]}},{"type":"Feature","properties":{"id":636433936,"name":"Marquette Avenue","highway":"tertiary"},"geometry":{"type":"LineString","coordinates":[[-93.2667734,44.9812052],[-93.2667237,44.9812614],[-93.2666918,44.9812991],[-93.2662679,44.9817995],[-93.2662023,44.9818774],[-93.2660554,44.9820516],[-93.2660171,44.9820972]]}},{"type":"Feature","properties":{"id":636433971,"name":"Washington Avenue South","highway":"primary"},"geometry":{"type":"LineString","coordinates":[[-93.2640633,44.9800412],[-93.2642436,44.9801133],[-93.2644693,44.9802102],[-93.2648602,44.9803762]]}},{"type":"Feature","properties":{"id":636433978,"name":"Washington Avenue South","highway":"primary"},"geometry":{"type":"LineString","coordinates":[[-93.2668371,44.9811237],[-93.2667167,44.981071],[-93.2661444,44.980824],[-93.2656071,44.9805921],[-93.2654958,44.9805417]]}},{"type":"Feature","properties":{"id":636433982,"name":"Marquette Avenue","highway":"tertiary"},"geometry":{"type":"LineString","coordinates":[[-93.2668371,44.9811237],[-93.2667734,44.9812052]]}},{"type":"Feature","properties":{"id":636433989,"name":"South 1st Street","highway":"tertiary"},"geometry":{"type":"LineString","coordinates":[[-93.2637913,44.9825651],[-93.2636806,44.9825219],[-93.2635137,44.9824533],[-93.2634083,44.98241],[-93.2625627,44.9820568],[-93.262444,44.98196]]}},{"type":"Feature","properties":{"id":636433994,"name":"3rd Avenue South","highway":"primary"},"geometry":{"type":"LineString","coordinates":[[-93.262444,44.98196],[-93.2623682,44.9820326],[-93.2623261,44.9820617],[-93.2622749,44.9820971],[-93.2621789,44.9821588]]}},{"type":"Feature","properties":{"id":636434042,"name":"South 7th Street","highway":"secondary"},"geometry":{"type":"LineString","coordinates":[[-93.2640892,44.9734355],[-93.2642077,44.9734851],[-93.2647912,44.9737293],[-93.2650068,44.9738205]]}},{"type":"Feature","properties":{"id":636434043,"name":"South 7th Street","highway":"secondary"},"geometry":{"type":"LineString","coordinates":[[-93.2572596,44.9705369],[-93.2573821,44.9705887],[-93.2579727,44.9708386],[-93.2581541,44.9709153],[-93.2585463,44.9710813],[-93.2586265,44.9711152],[-93.2586409,44.9711212],[-93.258733,44.9711597],[-93.2592257,44.9713659],[-93.2599011,44.9716485],[-93.2599928,44.9716869]]}},{"type":"Feature","properties":{"id":636434145,"name":"East 16th Street","highway":"tertiary"},"geometry":{"type":"LineString","coordinates":[[-93.2740823,44.9671664],[-93.2739861,44.9671473],[-93.2733411,44.9671382]]}},{"type":"Feature","properties":{"id":636434147,"name":"Unnamed Road","highway":"tertiary_link"},"geometry":{"type":"LineString","coordinates":[[-93.2725726,44.9670088],[-93.2725491,44.9669557],[-93.2725377,44.9669002]]}},{"type":"Feature","properties":{"id":636434148,"name":"Unnamed Road","highway":"tertiary_link"},"geometry":{"type":"LineString","coordinates":[[-93.2727269,44.9671389],[-93.2726578,44.9670961],[-93.2726068,44.9670553],[-93.272597,44.9670421],[-93.2725726,44.9670088]]}},{"type":"Feature","properties":{"id":636434149,"name":"Nicollet Avenue","highway":"tertiary"},"geometry":{"type":"LineString","coordinates":[[-93.2778163,44.9672247],[-93.2778152,44.9665666]]}},{"type":"Feature","properties":{"id":636434193,"name":"2nd Avenue South","highway":"tertiary"},"geometry":{"type":"LineString","coordinates":[[-93.273545,44.97087],[-93.2736212,44.9707803]]}},{"type":"Feature","properties":{"id":636434194,"name":"South 11th Street","highway":"tertiary"},"geometry":{"type":"LineString","coordinates":[[-93.272751,44.971821],[-93.2728813,44.9718743],[-93.273649,44.9721901]]}},{"type":"Feature","properties":{"id":636434195,"name":"South 11th Street","highway":"tertiary"},"geometry":{"type":"LineString","coordinates":[[-93.27136,44.9712654],[-93.2714978,44.97132],[-93.2717818,44.9714339],[-93.2721761,44.9715914],[-93.2726254,44.9717708],[-93.272751,44.971821]]}},{"type":"Feature","properties":{"id":636434196,"name":"3rd Avenue South","highway":"tertiary"},"geometry":{"type":"LineString","coordinates":[[-93.270565,44.972219],[-93.2704838,44.9723184],[-93.2703533,44.9724797],[-93.2701652,44.9727074],[-93.2698394,44.9731343],[-93.2697753,44.9732184]]}},{"type":"Feature","properties":{"id":636434197,"name":"South 12th Street","highway":"tertiary"},"geometry":{"type":"LineString","coordinates":[[-93.2720562,44.9702419],[-93.2718746,44.970166]]}},{"type":"Feature","properties":{"id":636434198,"name":"South 12th Street","highway":"tertiary"},"geometry":{"type":"LineString","coordinates":[[-93.2732297,44.9707373],[-93.2731363,44.9706979],[-93.2727173,44.9705214],[-93.2722128,44.9703087]]}},{"type":"Feature","properties":{"id":636434199,"name":"3rd Avenue South","highway":"primary"},"geometry":{"type":"LineString","coordinates":[[-93.2641326,44.9799589],[-93.2640633,44.9800412]]}},{"type":"Feature","properties":{"id":636434200,"name":"Washington Avenue South","highway":"primary"},"geometry":{"type":"LineString","coordinates":[[-93.2641326,44.9799589],[-93.2639847,44.979895],[-93.2635545,44.9797147],[-93.2631812,44.9795566]]}},{"type":"Feature","properties":{"id":636434201,"name":"Washington Avenue South","highway":"primary"},"geometry":{"type":"LineString","coordinates":[[-93.2633504,44.9797329],[-93.2639193,44.9799799],[-93.2640633,44.9800412]]}},{"type":"Feature","properties":{"id":636535778,"name":"South 7th Street","highway":"secondary"},"geometry":{"type":"LineString","coordinates":[[-93.2654501,44.9740078],[-93.2655623,44.9740554],[-93.2660672,44.9742694],[-93.2661189,44.9742913],[-93.2666861,44.9745316],[-93.2667953,44.9745779]]}},{"type":"Feature","properties":{"id":636535779,"name":"5th Avenue South","highway":"secondary"},"geometry":{"type":"LineString","coordinates":[[-93.2662475,44.9730589],[-93.2661966,44.9731179],[-93.265752,44.9736405]]}},{"type":"Feature","properties":{"id":636535780,"name":"South 8th Street","highway":"secondary"},"geometry":{"type":"LineString","coordinates":[[-93.2662475,44.9730589],[-93.2661912,44.9730347],[-93.2661481,44.9730162],[-93.2654348,44.97271],[-93.2650199,44.9725323],[-93.2648849,44.972474]]}},{"type":"Feature","properties":{"id":636535873,"name":"South 7th Street","highway":"secondary"},"geometry":{"type":"LineString","coordinates":[[-93.2599928,44.9716869],[-93.2601059,44.9717352],[-93.2604941,44.9719011],[-93.2612565,44.9722269],[-93.2613501,44.9722669]]}},{"type":"Feature","properties":{"id":636535878,"name":"South 6th Street","highway":"secondary"},"geometry":{"type":"LineString","coordinates":[[-93.260551,44.9732522],[-93.2604352,44.9732025],[-93.2600989,44.9730584],[-93.2592896,44.9727115],[-93.2591733,44.9726617]]}},{"type":"Feature","properties":{"id":637515794,"name":"South 7th Street","highway":"secondary"},"geometry":{"type":"LineString","coordinates":[[-93.2625027,44.9727554],[-93.2626091,44.9727996]]}},{"type":"Feature","properties":{"id":637515883,"name":"Willow Street","highway":"tertiary"},"geometry":{"type":"LineString","coordinates":[[-93.2818566,44.9698735],[-93.2818612,44.9698022],[-93.2818689,44.9688678],[-93.2818671,44.9688181],[-93.2818646,44.9687363],[-93.2818572,44.9683563],[-93.2818469,44.9678254],[-93.2818419,44.967731]]}},{"type":"Feature","properties":{"id":637977008,"name":"Washington Avenue South","highway":"secondary"},"geometry":{"type":"LineString","coordinates":[[-93.2520488,44.9723894],[-93.2523897,44.9724748],[-93.2531529,44.9726606]]}},{"type":"Feature","properties":{"id":638015911,"name":"Washington Avenue South","highway":"primary"},"geometry":{"type":"LineString","coordinates":[[-93.2671302,44.9813586],[-93.2672118,44.9813948]]}},{"type":"Feature","properties":{"id":638015912,"name":"Washington Avenue South","highway":"primary"},"geometry":{"type":"LineString","coordinates":[[-93.2613213,44.9788792],[-93.261452,44.9789288]]}},{"type":"Feature","properties":{"id":638015918,"name":"Portland Avenue","highway":"tertiary"},"geometry":{"type":"LineString","coordinates":[[-93.267654,44.968063],[-93.267654,44.9679944],[-93.267654,44.9672347],[-93.267654,44.967175],[-93.267654,44.9671037],[-93.2676654,44.9663474],[-93.2676654,44.9662888],[-93.267665,44.9662125]]}},{"type":"Feature","properties":{"id":638015919,"name":"East 15th Street","highway":"tertiary"},"geometry":{"type":"LineString","coordinates":[[-93.267654,44.968063],[-93.267519,44.9680629],[-93.2669906,44.9680626],[-93.2658179,44.9680619],[-93.2652735,44.9680616],[-93.265116,44.9680643]]}},{"type":"Feature","properties":{"id":638015920,"name":"2nd Avenue South","highway":"tertiary"},"geometry":{"type":"LineString","coordinates":[[-93.2729037,44.9716379],[-93.273189,44.9712963],[-93.2733311,44.9711261],[-93.2734668,44.9709642],[-93.273545,44.97087]]}},{"type":"Feature","properties":{"id":638053937,"name":"Marquette Avenue","highway":"tertiary"},"geometry":{"type":"LineString","coordinates":[[-93.274928,44.971443],[-93.2748601,44.9715225],[-93.2743287,44.9721444]]}},{"type":"Feature","properties":{"id":638798778,"name":"2nd Avenue South","highway":"tertiary"},"geometry":{"type":"LineString","coordinates":[[-93.2646246,44.9815701],[-93.2646808,44.9815024],[-93.2650013,44.9811066],[-93.2653424,44.980718],[-93.2653792,44.9806726],[-93.2654276,44.9806192]]}},{"type":"Feature","properties":{"id":638798779,"name":"South 2nd Street","highway":"tertiary"},"geometry":{"type":"LineString","coordinates":[[-93.2646246,44.9815701],[-93.2644937,44.9815433],[-93.2643854,44.9815005],[-93.2639536,44.9813179],[-93.2633946,44.9810796],[-93.2632222,44.9810121]]}},{"type":"Feature","properties":{"id":638798780,"name":"3rd Avenue South","highway":"primary"},"geometry":{"type":"LineString","coordinates":[[-93.2632222,44.9810121],[-93.2631547,44.9810952],[-93.2628436,44.9814738],[-93.2624969,44.9818957],[-93.262444,44.98196]]}},{"type":"Feature","properties":{"id":638873316,"name":"Washington Avenue South","highway":"primary"},"geometry":{"type":"LineString","coordinates":[[-93.2627544,44.9793726],[-93.2626452,44.9793275],[-93.2623173,44.9791911],[-93.2619079,44.9790173]]}},{"type":"Feature","properties":{"id":638873338,"name":"4th Avenue South","highway":"secondary"},"geometry":{"type":"LineString","coordinates":[[-93.2626935,44.9794558],[-93.2627544,44.9793726]]}},{"type":"Feature","properties":{"id":638873390,"name":"South 12th Street","highway":"tertiary"},"geometry":{"type":"LineString","coordinates":[[-93.273545,44.97087],[-93.2733886,44.9708093]]}},{"type":"Feature","properties":{"id":639783553,"name":"2nd Avenue South","highway":"tertiary"},"geometry":{"type":"LineString","coordinates":[[-93.272148,44.9725718],[-93.2726663,44.9719273],[-93.272751,44.971821]]}},{"type":"Feature","properties":{"id":639783605,"name":"Marquette Avenue","highway":"tertiary"},"geometry":{"type":"LineString","coordinates":[[-93.2733107,44.9733984],[-93.2732416,44.9734852],[-93.2729673,44.9738113]]}},{"type":"Feature","properties":{"id":639783614,"name":"South 3rd Street","highway":"secondary"},"geometry":{"type":"LineString","coordinates":[[-93.2635605,44.9784429],[-93.2636795,44.9784971],[-93.2639876,44.9786321],[-93.2640333,44.9786521],[-93.2640868,44.9786755],[-93.2643625,44.9787963],[-93.2647439,44.9789634],[-93.2647882,44.9789834],[-93.2648941,44.979033]]}},{"type":"Feature","properties":{"id":639783615,"name":"2nd Avenue South","highway":"tertiary"},"geometry":{"type":"LineString","coordinates":[[-93.2654958,44.9805417],[-93.2655265,44.9805051],[-93.2655568,44.9804718],[-93.2661757,44.9797108],[-93.2662534,44.9796196]]}},{"type":"Feature","properties":{"id":639783767,"name":"5th Avenue South","highway":"secondary"},"geometry":{"type":"LineString","coordinates":[[-93.2654501,44.9740078],[-93.2653909,44.9740859],[-93.2650795,44.9744633],[-93.2647029,44.9749013],[-93.2646302,44.9749811]]}},{"type":"Feature","properties":{"id":640047415,"name":"South 8th Street","highway":"secondary"},"geometry":{"type":"LineString","coordinates":[[-93.2729325,44.975881],[-93.2719691,44.9754733],[-93.2718311,44.9754143],[-93.2716944,44.9753571]]}},{"type":"Feature","properties":{"id":640047416,"name":"Marquette Avenue","highway":"tertiary"},"geometry":{"type":"LineString","coordinates":[[-93.2716944,44.9753571],[-93.2716361,44.9754284],[-93.2709432,44.9762401],[-93.2708693,44.9763273]]}},{"type":"Feature","properties":{"id":640148949,"name":"South 4th Street","highway":"secondary"},"geometry":{"type":"LineString","coordinates":[[-93.2616513,44.9763306],[-93.2615411,44.9762842],[-93.2603999,44.9757974],[-93.2602749,44.9757463]]}},{"type":"Feature","properties":{"id":640148950,"name":"South 3rd Street","highway":"secondary"},"geometry":{"type":"LineString","coordinates":[[-93.2567417,44.9755596],[-93.2568473,44.975601],[-93.2575334,44.9758928],[-93.2578219,44.9760146],[-93.2580005,44.9760901],[-93.2580961,44.9761358],[-93.2582335,44.9761933],[-93.2585299,44.9763172],[-93.2593651,44.9766768],[-93.259415,44.9766983],[-93.2594932,44.9767333]]}},{"type":"Feature","properties":{"id":640148951,"name":"South 2nd Street","highway":"tertiary"},"geometry":{"type":"LineString","coordinates":[[-93.2577787,44.9787119],[-93.2578907,44.9787607],[-93.2582928,44.9789296],[-93.2586787,44.9790934],[-93.2590411,44.9792445],[-93.2591266,44.9792831]]}},{"type":"Feature","properties":{"id":640148952,"name":"South 2nd Street","highway":"tertiary"},"geometry":{"type":"LineString","coordinates":[[-93.2565472,44.9781698],[-93.2572712,44.9784871],[-93.2577,44.9786763],[-93.2577787,44.9787119]]}},{"type":"Feature","properties":{"id":640148953,"name":"Portland Avenue","highway":"tertiary"},"geometry":{"type":"LineString","coordinates":[[-93.2591266,44.9792831],[-93.2591712,44.9792295],[-93.2591989,44.9791963],[-93.259548,44.9787941],[-93.2598558,44.9784394],[-93.2599219,44.9783632]]}},{"type":"Feature","properties":{"id":640843677,"name":"South 10th Street","highway":"tertiary"},"geometry":{"type":"LineString","coordinates":[[-93.269211,44.971657],[-93.2690368,44.9716082],[-93.2688206,44.9715258],[-93.2685815,44.9714213],[-93.2680323,44.97117],[-93.2678979,44.9711067]]}},{"type":"Feature","properties":{"id":640843682,"name":"South 10th Street","highway":"tertiary"},"geometry":{"type":"LineString","coordinates":[[-93.2665357,44.9705178],[-93.266429,44.9704827],[-93.2660131,44.9703081],[-93.2658572,44.9702432],[-93.265772,44.9702082],[-93.2656904,44.9701747],[-93.2656404,44.9701542]]}},{"type":"Feature","properties":{"id":640843684,"name":"Portland Avenue","highway":"tertiary"},"geometry":{"type":"LineString","coordinates":[[-93.2657087,44.971513],[-93.2657861,44.971422],[-93.2664602,44.9705995],[-93.2665357,44.9705178]]}},{"type":"Feature","properties":{"id":640843691,"name":"5th Avenue South","highway":"secondary"},"geometry":{"type":"LineString","coordinates":[[-93.267052,44.972084],[-93.2670044,44.9721445],[-93.266849,44.9723419],[-93.2668401,44.9723531],[-93.2665818,44.9726607],[-93.2663218,44.9729704],[-93.2662475,44.9730589]]}},{"type":"Feature","properties":{"id":640843695,"name":"South 9th Street","highway":"tertiary"},"geometry":{"type":"LineString","coordinates":[[-93.267052,44.972084],[-93.2671858,44.9721389],[-93.2674398,44.9722432],[-93.267771,44.9723791],[-93.2680694,44.9725016]]}},{"type":"Feature","properties":{"id":642650359,"name":"Nicollet Mall","highway":"residential"},"geometry":{"type":"LineString","coordinates":[[-93.2771801,44.9710843],[-93.277287,44.9709839],[-93.2774725,44.9708201],[-93.2776148,44.9707021],[-93.2776842,44.9706364],[-93.2777302,44.9705786],[-93.2777657,44.970534],[-93.2778202,44.9704221],[-93.2778534,44.9702999],[-93.277837,44.9699601],[-93.27783,44.9698423]]}},{"type":"Feature","properties":{"id":663540077,"name":"South 5th Street","highway":"unclassified"},"geometry":{"type":"LineString","coordinates":[[-93.2534064,44.9713659],[-93.2534567,44.9714195],[-93.2535009,44.9714717],[-93.2535515,44.9715129],[-93.2535901,44.9715421],[-93.2536356,44.97157],[-93.2536751,44.9715894],[-93.2540459,44.971746],[-93.2550739,44.9721801],[-93.2555824,44.9723953],[-93.2556685,44.9724317]]}},{"type":"Feature","properties":{"id":718134032,"name":"LaSalle Avenue","highway":"tertiary"},"geometry":{"type":"LineString","coordinates":[[-93.2755055,44.9753219],[-93.275708,44.9750836],[-93.2759107,44.9748452]]}},{"type":"Feature","properties":{"id":740040045,"name":"4th Avenue South","highway":"residential"},"geometry":{"type":"LineString","coordinates":[[-93.2705175,44.9699755],[-93.2704723,44.9699806],[-93.2703758,44.9700033],[-93.2703561,44.9700103],[-93.2703329,44.9700185],[-93.2702953,44.9700375],[-93.2702578,44.9700641],[-93.2702309,44.970102],[-93.2702231,44.9701263],[-93.2702142,44.9701542],[-93.2701835,44.9703389],[-93.2701546,44.9705132],[-93.2701321,44.9706486],[-93.2701272,44.9706782],[-93.2701379,44.9707161],[-93.2701773,44.9707624]]}},{"type":"Feature","properties":{"id":740832617,"name":"South 12th Street","highway":"tertiary"},"geometry":{"type":"LineString","coordinates":[[-93.2718746,44.970166],[-93.2714218,44.9699768]]}},{"type":"Feature","properties":{"id":740832619,"name":"South 12th Street","highway":"tertiary"},"geometry":{"type":"LineString","coordinates":[[-93.2722128,44.9703087],[-93.2720562,44.9702419]]}},{"type":"Feature","properties":{"id":740832621,"name":"South 12th Street","highway":"tertiary"},"geometry":{"type":"LineString","coordinates":[[-93.2733886,44.9708093],[-93.2732297,44.9707373]]}},{"type":"Feature","properties":{"id":740832623,"name":"2nd Avenue South","highway":"tertiary"},"geometry":{"type":"LineString","coordinates":[[-93.2736212,44.9707803],[-93.2738653,44.9704991],[-93.2741263,44.9701984],[-93.2742801,44.9700439],[-93.2743068,44.9700236],[-93.2743346,44.9700025],[-93.2743651,44.9699794],[-93.2744701,44.9699307]]}},{"type":"Feature","properties":{"id":748970369,"name":"Portland Avenue","highway":"tertiary"},"geometry":{"type":"LineString","coordinates":[[-93.2624955,44.9753213],[-93.2625255,44.975283],[-93.262604,44.9751881],[-93.2628155,44.9749396],[-93.2632055,44.9744801],[-93.2632651,44.9744079],[-93.2633304,44.9743297],[-93.2636846,44.9739037],[-93.2640188,44.9735112],[-93.2640892,44.9734355]]}},{"type":"Feature","properties":{"id":748970370,"name":"South 5th Street","highway":"unclassified"},"geometry":{"type":"LineString","coordinates":[[-93.2611178,44.9747462],[-93.2612423,44.9747923],[-93.2619772,44.975103],[-93.2623775,44.9752733],[-93.2624955,44.9753213]]}},{"type":"Feature","properties":{"id":751123208,"name":"West River Parkway","highway":"unclassified"},"geometry":{"type":"LineString","coordinates":[[-93.2584663,44.9800662],[-93.258422,44.9799954],[-93.2577888,44.9797304],[-93.2572974,44.9795191],[-93.2568534,44.9793282],[-93.2559785,44.9789602],[-93.255782,44.9788421],[-93.2556142,44.9787475],[-93.255502,44.9786863],[-93.2553757,44.9786363],[-93.2551182,44.9785573],[-93.255062,44.9785407]]}},{"type":"Feature","properties":{"id":751123209,"name":"James I. Rice West River Parkway","highway":"unclassified"},"geometry":{"type":"LineString","coordinates":[[-93.2614349,44.9819754],[-93.2613212,44.9819288],[-93.2606251,44.9816241],[-93.2602604,44.9814623],[-93.2601456,44.9814067],[-93.2601276,44.9813961]]}},{"type":"Feature","properties":{"id":762223515,"name":"3rd Avenue South","highway":"tertiary"},"geometry":{"type":"LineString","coordinates":[[-93.2725377,44.9669002],[-93.2724549,44.9669824],[-93.2723917,44.9670438]]}},{"type":"Feature","properties":{"id":778873087,"name":"Park Avenue","highway":"tertiary"},"geometry":{"type":"LineString","coordinates":[[-93.2651361,44.9652791],[-93.2651353,44.9662196]]}},{"type":"Feature","properties":{"id":778873088,"name":"Park Avenue","highway":"tertiary"},"geometry":{"type":"LineString","coordinates":[[-93.2651353,44.9662196],[-93.2651355,44.9662785],[-93.2651338,44.9663441],[-93.2651277,44.9665517],[-93.2651275,44.9666088],[-93.2651202,44.9671082],[-93.26512,44.9671695]]}},{"type":"Feature","properties":{"id":794151797,"name":"James I. Rice West River Parkway","highway":"unclassified"},"geometry":{"type":"LineString","coordinates":[[-93.2635839,44.9837111],[-93.2630309,44.9832923],[-93.2627704,44.9830951],[-93.2624501,44.9828528],[-93.2623295,44.9827613],[-93.2622503,44.9826945]]}},{"type":"Feature","properties":{"id":805502115,"name":"Nicollet Mall","highway":"living_street"},"geometry":{"type":"LineString","coordinates":[[-93.2706905,44.9788053],[-93.2707447,44.978753],[-93.2708427,44.9786587],[-93.2709465,44.9785446],[-93.2710336,44.9784424],[-93.271117,44.9783217],[-93.2711838,44.978209],[-93.2712449,44.9781028],[-93.2713061,44.9780333],[-93.2713487,44.9779874],[-93.2713737,44.9779567],[-93.2714579,44.9778566],[-93.2715114,44.9777925],[-93.2717843,44.9774656],[-93.2721587,44.9770159],[-93.2721725,44.9769998],[-93.2722591,44.9769014],[-93.2723321,44.9768174],[-93.2724348,44.9767013],[-93.2725905,44.9765059],[-93.2730062,44.9760145],[-93.2730616,44.9759357],[-93.2731294,44.9758455],[-93.2733189,44.9755855],[-93.2734208,44.9754623],[-93.2735024,44.9753666],[-93.2736006,44.9752669],[-93.2737841,44.9750952],[-93.2738085,44.9750731],[-93.2738887,44.9749972],[-93.2739842,44.9749077],[-93.2741807,44.9747032],[-93.2742548,44.9746206],[-93.2743467,44.9745043],[-93.274405,44.9744304],[-93.2744643,44.9743505],[-93.2745254,44.9742692],[-93.2745792,44.9741905],[-93.2746406,44.9740925],[-93.2747062,44.9739966],[-93.2747662,44.9739085],[-93.2747849,44.9738811],[-93.2748868,44.9737408],[-93.2749647,44.9736411],[-93.2750351,44.9735585],[-93.2750889,44.9735022],[-93.2751723,44.973413],[-93.275252,44.9733304],[-93.2754169,44.9731796],[-93.2755027,44.9730999],[-93.2755615,44.9730341],[-93.275579,44.9730105],[-93.2756352,44.972935],[-93.2758506,44.9726263],[-93.2759136,44.9725424],[-93.2759692,44.9724716],[-93.2761564,44.9722867],[-93.2763408,44.9721335],[-93.2763473,44.9721281],[-93.2763936,44.97209],[-93.2764097,44.9720697],[-93.2764289,44.9720455],[-93.2764694,44.9719821],[-93.2764808,44.9719642],[-93.2765623,44.9718317],[-93.2766253,44.9717242],[-93.2766939,44.9716246],[-93.2768607,44.9714213],[-93.2769641,44.9713047],[-93.2771054,44.9711453],[-93.2771801,44.9710843]]}},{"type":"Feature","properties":{"id":896398028,"name":"Washington Avenue South","highway":"secondary"},"geometry":{"type":"LineString","coordinates":[[-93.2535373,44.972616],[-93.2526184,44.972382]]}},{"type":"Feature","properties":{"id":908576705,"name":"James I. Rice West River Parkway","highway":"unclassified"},"geometry":{"type":"LineString","coordinates":[[-93.2597534,44.9810043],[-93.2596844,44.9809009],[-93.259572,44.9807973],[-93.2594441,44.9807005],[-93.2590846,44.9805419],[-93.2590613,44.9805312],[-93.2590251,44.9805107],[-93.2589205,44.9804516],[-93.258804,44.9803607],[-93.258636,44.9802234],[-93.258537,44.9801406],[-93.2584663,44.9800662]]}},{"type":"Feature","properties":{"id":908576707,"name":"West River Parkway","highway":"residential"},"geometry":{"type":"LineString","coordinates":[[-93.2513873,44.9777382],[-93.2512848,44.9776854],[-93.2512189,44.9776527],[-93.2510956,44.9776111],[-93.2509538,44.9775783],[-93.2507932,44.9775513],[-93.2500261,44.977498],[-93.249835,44.9774909],[-93.249697,44.9775003],[-93.2492158,44.977564],[-93.2490515,44.9775782],[-93.2488736,44.9775764],[-93.2479373,44.9775145],[-93.247818,44.9775023]]}},{"type":"Feature","properties":{"id":908576708,"name":"West River Parkway","highway":"unclassified"},"geometry":{"type":"LineString","coordinates":[[-93.247818,44.9775023],[-93.247776,44.9774988],[-93.2477096,44.9774932]]}},{"type":"Feature","properties":{"id":956161729,"name":"Marquette Avenue","highway":"tertiary"},"geometry":{"type":"LineString","coordinates":[[-93.2743287,44.9721444],[-93.2741785,44.9723195],[-93.274123,44.9723851]]}},{"type":"Feature","properties":{"id":956164957,"name":"2nd Avenue South","highway":"tertiary"},"geometry":{"type":"LineString","coordinates":[[-93.272751,44.971821],[-93.2728094,44.9717509],[-93.2729037,44.9716379]]}},{"type":"Feature","properties":{"id":958319177,"name":"2nd Avenue South","highway":"tertiary"},"geometry":{"type":"LineString","coordinates":[[-93.2719649,44.9728197],[-93.2720255,44.9727315],[-93.272148,44.9725718]]}},{"type":"Feature","properties":{"id":991892152,"name":"Washington Avenue South","highway":"primary"},"geometry":{"type":"LineString","coordinates":[[-93.2673809,44.9813624],[-93.2669678,44.9811823],[-93.2668371,44.9811237]]}},{"type":"Feature","properties":{"id":998765741,"name":"South 10th Street","highway":"tertiary"},"geometry":{"type":"LineString","coordinates":[[-93.2733107,44.9733984],[-93.2732025,44.9733546],[-93.2723111,44.9729688]]}},{"type":"Feature","properties":{"id":998765742,"name":"South 10th Street","highway":"tertiary"},"geometry":{"type":"LineString","coordinates":[[-93.2723111,44.9729688],[-93.2720793,44.9728689],[-93.2719649,44.9728197]]}},{"type":"Feature","properties":{"id":998765743,"name":"South 10th Street","highway":"tertiary"},"geometry":{"type":"LineString","coordinates":[[-93.270565,44.972219],[-93.2704429,44.9721683],[-93.2693416,44.971711],[-93.269211,44.971657]]}},{"type":"Feature","properties":{"id":998765744,"name":"3rd Avenue South","highway":"tertiary"},"geometry":{"type":"LineString","coordinates":[[-93.27136,44.9712654],[-93.2712901,44.9713495],[-93.2706257,44.9721464],[-93.270565,44.972219]]}},{"type":"Feature","properties":{"id":999006637,"name":"Washington Avenue South","highway":"secondary"},"geometry":{"type":"LineString","coordinates":[[-93.2531529,44.9726606],[-93.2540464,44.9728804]]}},{"type":"Feature","properties":{"id":1000528477,"name":"South 4th Street","highway":"secondary"},"geometry":{"type":"LineString","coordinates":[[-93.2572439,44.9749265],[-93.2565873,44.9746582],[-93.2563545,44.9745631],[-93.2561767,44.9744849],[-93.2561016,44.9744508],[-93.2560828,44.974441]]}},{"type":"Feature","properties":{"id":1003510152,"name":"South 11th Street","highway":"tertiary"},"geometry":{"type":"LineString","coordinates":[[-93.273649,44.9721901],[-93.2740041,44.9723361],[-93.274123,44.9723851]]}},{"type":"Feature","properties":{"id":1006682757,"name":"4th Avenue South","highway":"tertiary"},"geometry":{"type":"LineString","coordinates":[[-93.2705085,44.9673186],[-93.2704622,44.9673548],[-93.2704132,44.9673975],[-93.2703582,44.9674497],[-93.270322,44.9674938],[-93.2702859,44.9675503],[-93.2702543,44.9676091],[-93.2702329,44.9676722],[-93.2702174,44.9677424],[-93.2702143,44.9680667]]}},{"type":"Feature","properties":{"id":1007811449,"name":"10th Avenue South","highway":"unclassified"},"geometry":{"type":"LineString","coordinates":[[-93.2536941,44.9769637],[-93.2537377,44.976912],[-93.2537702,44.9768735],[-93.2537867,44.976854],[-93.254155,44.9764179],[-93.2542121,44.9763503],[-93.2544075,44.9761189],[-93.2544706,44.9760484]]}},{"type":"Feature","properties":{"id":1007811450,"name":"Washington Avenue South","highway":"primary"},"geometry":{"type":"LineString","coordinates":[[-93.2504316,44.9742344],[-93.2505428,44.9743567],[-93.2511886,44.9746389],[-93.2516454,44.974842],[-93.2517694,44.9748972],[-93.2518839,44.9749463],[-93.2525631,44.9752374]]}},{"type":"Feature","properties":{"id":1016093383,"name":"4th Avenue South","highway":"secondary"},"geometry":{"type":"LineString","coordinates":[[-93.268392,44.972634],[-93.2684605,44.9725523],[-93.2691273,44.9717569],[-93.269211,44.971657]]}},{"type":"Feature","properties":{"id":1024748179,"name":"South 11th Street","highway":"tertiary"},"geometry":{"type":"LineString","coordinates":[[-93.2706083,44.9709456],[-93.2712374,44.9712131],[-93.27136,44.9712654]]}},{"type":"Feature","properties":{"id":1024760997,"name":"Washington Avenue South","highway":"primary"},"geometry":{"type":"LineString","coordinates":[[-93.2649803,44.9804272],[-93.2652971,44.9805618],[-93.2654276,44.9806192]]}},{"type":"Feature","properties":{"id":1024760998,"name":"Washington Avenue South","highway":"primary"},"geometry":{"type":"LineString","coordinates":[[-93.2648602,44.9803762],[-93.2649803,44.9804272]]}},{"type":"Feature","properties":{"id":1024762942,"name":"4th Avenue South","highway":"tertiary"},"geometry":{"type":"LineString","coordinates":[[-93.2703142,44.9677003],[-93.2703227,44.9676774],[-93.2703495,44.9676205],[-93.2703817,44.9675673],[-93.2704246,44.9675066],[-93.2704676,44.9674573],[-93.2705212,44.9674041],[-93.2705785,44.9673603]]}},{"type":"Feature","properties":{"id":1024762943,"name":"4th Avenue South","highway":"tertiary"},"geometry":{"type":"LineString","coordinates":[[-93.2702143,44.9680667],[-93.2702959,44.9677495],[-93.2703142,44.9677003]]}},{"type":"Feature","properties":{"id":1024779764,"name":"Washington Avenue South","highway":"primary"},"geometry":{"type":"LineString","coordinates":[[-93.2631812,44.9795566],[-93.2628944,44.9794352],[-93.2627544,44.9793726]]}},{"type":"Feature","properties":{"id":1024857523,"name":"Washington Avenue South","highway":"primary"},"geometry":{"type":"LineString","coordinates":[[-93.2619079,44.9790173],[-93.2618693,44.9790009],[-93.2618307,44.9789845],[-93.2615245,44.9788563]]}},{"type":"Feature","properties":{"id":1024868757,"name":"South 6th Street","highway":"secondary"},"geometry":{"type":"LineString","coordinates":[[-93.2651155,44.9751878],[-93.2647284,44.9750223],[-93.2646302,44.9749811]]}},{"type":"Feature","properties":{"id":1025121808,"name":"Washington Avenue South","highway":"primary"},"geometry":{"type":"LineString","coordinates":[[-93.2613879,44.9787992],[-93.2612641,44.9787531]]}},{"type":"Feature","properties":{"id":1025121809,"name":"Washington Avenue South","highway":"primary"},"geometry":{"type":"LineString","coordinates":[[-93.2612641,44.9787531],[-93.2611074,44.9786985],[-93.2609382,44.9786387],[-93.2606342,44.9785164]]}},{"type":"Feature","properties":{"id":1025121810,"name":"Portland Avenue","highway":"tertiary"},"geometry":{"type":"LineString","coordinates":[[-93.2599219,44.9783632],[-93.260013,44.9782569]]}},{"type":"Feature","properties":{"id":1025121811,"name":"Washington Avenue South","highway":"primary"},"geometry":{"type":"LineString","coordinates":[[-93.2606342,44.9785164],[-93.2601367,44.978306],[-93.260013,44.9782569]]}},{"type":"Feature","properties":{"id":1025121812,"name":"Washington Avenue South","highway":"primary"},"geometry":{"type":"LineString","coordinates":[[-93.260013,44.9782569],[-93.2599026,44.9782103],[-93.259746,44.9781463],[-93.2591282,44.9778848]]}},{"type":"Feature","properties":{"id":1025121813,"name":"Park Avenue","highway":"tertiary"},"geometry":{"type":"LineString","coordinates":[[-93.258645,44.9776772],[-93.2585604,44.9777834]]}},{"type":"Feature","properties":{"id":1025121814,"name":"Washington Avenue South","highway":"primary"},"geometry":{"type":"LineString","coordinates":[[-93.2591282,44.9778848],[-93.2587547,44.9777272],[-93.258645,44.9776772]]}},{"type":"Feature","properties":{"id":1025121815,"name":"Washington Avenue South","highway":"primary"},"geometry":{"type":"LineString","coordinates":[[-93.258645,44.9776772],[-93.2585614,44.9776422],[-93.2580186,44.9774156],[-93.2578876,44.9773595]]}},{"type":"Feature","properties":{"id":1025121816,"name":"Chicago Avenue","highway":"tertiary"},"geometry":{"type":"LineString","coordinates":[[-93.2572911,44.9771029],[-93.2573581,44.977023],[-93.2574914,44.9768674],[-93.2575089,44.976847],[-93.2577423,44.9765655],[-93.2577472,44.9765597],[-93.2577629,44.9765408],[-93.2578867,44.9763917],[-93.2580193,44.9762296],[-93.2580571,44.9761835],[-93.2580961,44.9761358]]}},{"type":"Feature","properties":{"id":1025121817,"name":"Washington Avenue South","highway":"primary"},"geometry":{"type":"LineString","coordinates":[[-93.2578876,44.9773595],[-93.2574017,44.9771514],[-93.2572911,44.9771029]]}},{"type":"Feature","properties":{"id":1025121818,"name":"Washington Avenue South","highway":"primary"},"geometry":{"type":"LineString","coordinates":[[-93.2572911,44.9771029],[-93.2571786,44.9770557],[-93.2567152,44.9768555],[-93.255952,44.9765326],[-93.2554566,44.9763242],[-93.2551619,44.9761974]]}},{"type":"Feature","properties":{"id":1025121819,"name":"Washington Avenue South","highway":"primary"},"geometry":{"type":"LineString","coordinates":[[-93.254948,44.9761054],[-93.2546818,44.9759908],[-93.2545597,44.9759392]]}},{"type":"Feature","properties":{"id":1025121820,"name":"10th Avenue South","highway":"residential"},"geometry":{"type":"LineString","coordinates":[[-93.2544706,44.9760484],[-93.2545597,44.9759392]]}},{"type":"Feature","properties":{"id":1025121821,"name":"Washington Avenue South","highway":"primary"},"geometry":{"type":"LineString","coordinates":[[-93.2545597,44.9759392],[-93.2544597,44.9758993],[-93.2537422,44.9755918]]}},{"type":"Feature","properties":{"id":1025121822,"name":"Washington Avenue South","highway":"primary"},"geometry":{"type":"LineString","coordinates":[[-93.2537422,44.9755918],[-93.2536657,44.975559],[-93.2533252,44.9754141],[-93.2532132,44.9753643]]}},{"type":"Feature","properties":{"id":1025121823,"name":"11th Avenue South","highway":"tertiary"},"geometry":{"type":"LineString","coordinates":[[-93.2532132,44.9753643],[-93.2532729,44.9752877],[-93.2536085,44.9748893],[-93.2539518,44.9744795],[-93.2540141,44.9744082]]}},{"type":"Feature","properties":{"id":1025121824,"name":"Washington Avenue South","highway":"primary"},"geometry":{"type":"LineString","coordinates":[[-93.25122,44.9745161],[-93.2510712,44.9744525],[-93.2507304,44.9742985],[-93.250634,44.9742549],[-93.2504316,44.9742344]]}},{"type":"Feature","properties":{"id":1025121825,"name":"Washington Avenue South","highway":"primary"},"geometry":{"type":"LineString","coordinates":[[-93.2518463,44.9747829],[-93.2517336,44.9747349],[-93.25122,44.9745161]]}},{"type":"Feature","properties":{"id":1025152550,"name":"South 6th Street","highway":"secondary"},"geometry":{"type":"LineString","coordinates":[[-93.2550724,44.9709269],[-93.2546373,44.9707486]]}},{"type":"Feature","properties":{"id":1025158127,"name":"East 15th Street","highway":"tertiary"},"geometry":{"type":"LineString","coordinates":[[-93.2768475,44.9676547],[-93.2767982,44.9676426],[-93.2766948,44.9676169],[-93.2765799,44.9675791],[-93.2765343,44.9675732]]}},{"type":"Feature","properties":{"id":1025180172,"name":"South 10th Street","highway":"tertiary"},"geometry":{"type":"LineString","coordinates":[[-93.2656404,44.9701542],[-93.2655903,44.9701336],[-93.2653999,44.9700553],[-93.265329,44.9700262],[-93.2652344,44.9699874],[-93.2651174,44.9699417]]}},{"type":"Feature","properties":{"id":1026680930,"name":"Marquette Avenue","highway":"tertiary"},"geometry":{"type":"LineString","coordinates":[[-93.2749508,44.9714176],[-93.274928,44.971443]]}},{"type":"Feature","properties":{"id":1026680931,"name":"Marquette Avenue","highway":"tertiary"},"geometry":{"type":"LineString","coordinates":[[-93.2749508,44.9714176],[-93.2750565,44.9713846],[-93.2754853,44.970872],[-93.2757455,44.9705523],[-93.275782,44.9705045],[-93.2758444,44.9704241],[-93.276213,44.9699744],[-93.276227,44.9699108]]}},{"type":"Feature","properties":{"id":1026680932,"name":"Marquette Avenue","highway":"tertiary"},"geometry":{"type":"LineString","coordinates":[[-93.2763533,44.9698247],[-93.276227,44.9699108]]}},{"type":"Feature","properties":{"id":1028931124,"name":"5th Avenue South","highway":"secondary"},"geometry":{"type":"LineString","coordinates":[[-93.265752,44.9736405],[-93.2655584,44.9738733],[-93.2655076,44.973934],[-93.2654501,44.9740078]]}},{"type":"Feature","properties":{"id":1028965947,"name":"Washington Avenue South","highway":"primary"},"geometry":{"type":"LineString","coordinates":[[-93.2654276,44.9806192],[-93.2655429,44.980667]]}},{"type":"Feature","properties":{"id":1028965948,"name":"Washington Avenue South","highway":"primary"},"geometry":{"type":"LineString","coordinates":[[-93.2662187,44.9809649],[-93.2666535,44.9811543],[-93.2667734,44.9812052]]}},{"type":"Feature","properties":{"id":1028973587,"name":"Washington Avenue South","highway":"primary"},"geometry":{"type":"LineString","coordinates":[[-93.2531234,44.9754768],[-93.2532305,44.9755234],[-93.2540123,44.97585]]}},{"type":"Feature","properties":{"id":1028973588,"name":"11th Avenue South","highway":"tertiary"},"geometry":{"type":"LineString","coordinates":[[-93.2531234,44.9754768],[-93.2532132,44.9753643]]}},{"type":"Feature","properties":{"id":1028973589,"name":"Washington Avenue South","highway":"primary"},"geometry":{"type":"LineString","coordinates":[[-93.2525631,44.9752374],[-93.2530075,44.9754299],[-93.2530327,44.9754401],[-93.2531234,44.9754768]]}},{"type":"Feature","properties":{"id":1028973590,"name":"Washington Avenue South","highway":"primary"},"geometry":{"type":"LineString","coordinates":[[-93.2540123,44.97585],[-93.254368,44.9760055],[-93.2544706,44.9760484]]}},{"type":"Feature","properties":{"id":1028982629,"name":"Washington Avenue South","highway":"primary"},"geometry":{"type":"LineString","coordinates":[[-93.2667734,44.9812052],[-93.2669036,44.9812582],[-93.2671302,44.9813586]]}},{"type":"Feature","properties":{"id":1031140846,"name":"Washington Avenue South","highway":"primary"},"geometry":{"type":"LineString","coordinates":[[-93.2626935,44.9794558],[-93.2628299,44.9795151],[-93.2633504,44.9797329]]}},{"type":"Feature","properties":{"id":1031188219,"name":"South 6th Street","highway":"secondary"},"geometry":{"type":"LineString","coordinates":[[-93.2673474,44.9761379],[-93.2672108,44.9760758],[-93.267056,44.976011]]}},{"type":"Feature","properties":{"id":1031188220,"name":"3rd Avenue South","highway":"tertiary"},"geometry":{"type":"LineString","coordinates":[[-93.2673474,44.9761379],[-93.2672726,44.9762167],[-93.2672295,44.9762722],[-93.2665987,44.9770087],[-93.2665671,44.9770456]]}},{"type":"Feature","properties":{"id":1031188221,"name":"South 6th Street","highway":"secondary"},"geometry":{"type":"LineString","coordinates":[[-93.2678389,44.9763492],[-93.2674815,44.9761995],[-93.2673474,44.9761379]]}},{"type":"Feature","properties":{"id":1031222974,"name":"Washington Avenue South","highway":"primary"},"geometry":{"type":"LineString","coordinates":[[-93.261452,44.9789288],[-93.2618766,44.9791078]]}},{"type":"Feature","properties":{"id":1031222975,"name":"Washington Avenue South","highway":"primary"},"geometry":{"type":"LineString","coordinates":[[-93.2618766,44.9791078],[-93.2622049,44.9792486]]}},{"type":"Feature","properties":{"id":1031300190,"name":"South 6th Street","highway":"secondary"},"geometry":{"type":"LineString","coordinates":[[-93.2704352,44.9774275],[-93.270203,44.9773319],[-93.2700841,44.9772805]]}},{"type":"Feature","properties":{"id":1033787981,"name":"2nd Avenue South","highway":"tertiary"},"geometry":{"type":"LineString","coordinates":[[-93.2695366,44.9757579],[-93.2696166,44.975662],[-93.2702808,44.9748723],[-93.270349,44.9747911],[-93.2704164,44.9747072],[-93.2710922,44.9739053],[-93.2711736,44.973811],[-93.271239,44.9737349],[-93.271386,44.9735636],[-93.2715912,44.9733173],[-93.2717745,44.9730936],[-93.2718485,44.9729957],[-93.2719077,44.9729066],[-93.2719649,44.9728197]]}},{"type":"Feature","properties":{"id":1033787982,"name":"South 7th Street","highway":"secondary"},"geometry":{"type":"LineString","coordinates":[[-93.2695366,44.9757579],[-93.2696507,44.9758066],[-93.2703009,44.9760845]]}},{"type":"Feature","properties":{"id":1033787983,"name":"3rd Avenue South","highway":"tertiary"},"geometry":{"type":"LineString","coordinates":[[-93.2681455,44.9751586],[-93.268076,44.9752438],[-93.2675904,44.9758396],[-93.2674173,44.9760578],[-93.2673474,44.9761379]]}},{"type":"Feature","properties":{"id":1033787984,"name":"South 7th Street","highway":"secondary"},"geometry":{"type":"LineString","coordinates":[[-93.2667953,44.9745779],[-93.2669294,44.9746355],[-93.2671825,44.9747444],[-93.2675047,44.974883],[-93.267557,44.9749055],[-93.2676099,44.9749282]]}},{"type":"Feature","properties":{"id":1033787985,"name":"South 7th Street","highway":"secondary"},"geometry":{"type":"LineString","coordinates":[[-93.2676099,44.9749282],[-93.2680405,44.9751134],[-93.2681455,44.9751586]]}},{"type":"Feature","properties":{"id":1034144399,"name":"Portland Avenue","highway":"tertiary"},"geometry":{"type":"LineString","coordinates":[[-93.2614321,44.9765837],[-93.2615686,44.976422],[-93.2616513,44.9763306]]}},{"type":"Feature","properties":{"id":1036208857,"name":"Washington Avenue South","highway":"primary"},"geometry":{"type":"LineString","coordinates":[[-93.264672,44.9801867],[-93.2644181,44.9800783],[-93.2642876,44.9800232],[-93.2641326,44.9799589]]}},{"type":"Feature","properties":{"id":1036270878,"name":"Washington Avenue South","highway":"primary"},"geometry":{"type":"LineString","coordinates":[[-93.2544706,44.9760484],[-93.2545973,44.9761001],[-93.254943,44.9762481],[-93.2558365,44.9766272],[-93.2562309,44.9767952],[-93.2566283,44.9769644]]}},{"type":"Feature","properties":{"id":1036270879,"name":"Chicago Avenue","highway":"tertiary"},"geometry":{"type":"LineString","coordinates":[[-93.2572069,44.9772082],[-93.2572911,44.9771029]]}},{"type":"Feature","properties":{"id":1036270880,"name":"Washington Avenue South","highway":"primary"},"geometry":{"type":"LineString","coordinates":[[-93.2566283,44.9769644],[-93.2570987,44.9771646],[-93.2572069,44.9772082]]}},{"type":"Feature","properties":{"id":1036270881,"name":"Washington Avenue South","highway":"primary"},"geometry":{"type":"LineString","coordinates":[[-93.2572069,44.9772082],[-93.2573122,44.9772544],[-93.2580687,44.9775774],[-93.2584824,44.9777523],[-93.2585604,44.9777834]]}},{"type":"Feature","properties":{"id":1036270882,"name":"Washington Avenue South","highway":"primary"},"geometry":{"type":"LineString","coordinates":[[-93.2585604,44.9777834],[-93.2586698,44.9778266],[-93.2592241,44.9780657],[-93.259424,44.9781515]]}},{"type":"Feature","properties":{"id":1036270883,"name":"Washington Avenue South","highway":"primary"},"geometry":{"type":"LineString","coordinates":[[-93.259424,44.9781515],[-93.2598133,44.9783184],[-93.2599219,44.9783632]]}},{"type":"Feature","properties":{"id":1036273221,"name":"4th Avenue South","highway":"tertiary"},"geometry":{"type":"LineString","coordinates":[[-93.2702122,44.969107],[-93.270211,44.9689245],[-93.2702131,44.9684465]]}},{"type":"Feature","properties":{"id":1036273222,"name":"4th Avenue South","highway":"tertiary"},"geometry":{"type":"LineString","coordinates":[[-93.2702131,44.9684465],[-93.2702145,44.9681408],[-93.2702143,44.9680667]]}},{"type":"Feature","properties":{"id":1036278544,"name":"4th Avenue South","highway":"tertiary"},"geometry":{"type":"LineString","coordinates":[[-93.2711693,44.9671442],[-93.2710798,44.9671475],[-93.2710033,44.9671589],[-93.2709229,44.9671665],[-93.270837,44.9671816],[-93.2707512,44.9672082],[-93.2706654,44.9672386],[-93.2705796,44.967277],[-93.2705085,44.9673186]]}},{"type":"Feature","properties":{"id":1036293586,"name":"5th Avenue South","highway":"secondary"},"geometry":{"type":"LineString","coordinates":[[-93.2673989,44.9716834],[-93.2673105,44.9717854],[-93.2671278,44.9719965],[-93.267052,44.972084]]}},{"type":"Feature","properties":{"id":1036586142,"name":"East 16th Street","highway":"tertiary"},"geometry":{"type":"LineString","coordinates":[[-93.2733411,44.9671382],[-93.2727269,44.9671389]]}},{"type":"Feature","properties":{"id":1039155377,"name":"11th Avenue South","highway":"tertiary"},"geometry":{"type":"LineString","coordinates":[[-93.252346,44.9763889],[-93.2523908,44.9763352],[-93.2524151,44.9763069],[-93.2526017,44.9760843],[-93.2526417,44.9760366],[-93.2527652,44.9758892],[-93.2528104,44.9758406]]}},{"type":"Feature","properties":{"id":1039155378,"name":"South 2nd Street","highway":"residential"},"geometry":{"type":"LineString","coordinates":[[-93.2496635,44.9752915],[-93.2497257,44.9752862],[-93.2497575,44.9752907],[-93.2508344,44.9757461],[-93.2509742,44.975805],[-93.2511126,44.9758635],[-93.2520336,44.9762539],[-93.2522276,44.9763366],[-93.2522615,44.9763515],[-93.252346,44.9763889]]}},{"type":"Feature","properties":{"id":1039299665,"name":"5th Avenue South","highway":"secondary"},"geometry":{"type":"LineString","coordinates":[[-93.2624343,44.9775961],[-93.2622575,44.9777939],[-93.2621963,44.9778649]]}},{"type":"Feature","properties":{"id":1040803393,"name":"Washington Avenue South","highway":"secondary"},"geometry":{"type":"LineString","coordinates":[[-93.2526184,44.972382],[-93.2519531,44.9722126]]}},{"type":"Feature","properties":{"id":1042541941,"name":"2nd Avenue South","highway":"tertiary"},"geometry":{"type":"LineString","coordinates":[[-93.2679313,44.9776349],[-93.2679635,44.9776008],[-93.2684075,44.9770873],[-93.2686508,44.9768075],[-93.2687257,44.9767214],[-93.2688018,44.9766309],[-93.2694628,44.9758433],[-93.2695366,44.9757579]]}},{"type":"Feature","properties":{"id":1042541942,"name":"South 5th Street","highway":"unclassified"},"geometry":{"type":"LineString","coordinates":[[-93.2665671,44.9770456],[-93.2666975,44.9771019],[-93.267825,44.977589],[-93.2679313,44.9776349]]}},{"type":"Feature","properties":{"id":1042541944,"name":"South 5th Street","highway":"unclassified"},"geometry":{"type":"LineString","coordinates":[[-93.2706905,44.9788053],[-93.2707699,44.9788349]]}},{"type":"Feature","properties":{"id":1054623532,"name":"South 3rd Street","highway":"secondary"},"geometry":{"type":"LineString","coordinates":[[-93.2676308,44.9802035],[-93.2677335,44.980247],[-93.2680458,44.9803788],[-93.2682243,44.9804552]]}},{"type":"Feature","properties":{"id":1057518538,"name":"Park Avenue","highway":"tertiary"},"geometry":{"type":"LineString","coordinates":[[-93.2594932,44.9767333],[-93.2594459,44.9767867],[-93.2594261,44.9768077],[-93.259157,44.9771208]]}},{"type":"Feature","properties":{"id":1061007514,"name":"Park Avenue","highway":"tertiary"},"geometry":{"type":"LineString","coordinates":[[-93.2610023,44.9748856],[-93.2609939,44.9748954],[-93.2608613,44.9750505]]}},{"type":"Feature","properties":{"id":1061007515,"name":"Park Avenue","highway":"tertiary"},"geometry":{"type":"LineString","coordinates":[[-93.2607074,44.9752326],[-93.2606653,44.9752813],[-93.2605146,44.9754561],[-93.2604412,44.975542],[-93.2603343,44.975667],[-93.2603285,44.9756738],[-93.2602749,44.9757463]]}},{"type":"Feature","properties":{"id":1061661295,"name":"Unnamed Road","highway":"tertiary_link"},"geometry":{"type":"LineString","coordinates":[[-93.2751078,44.9698654],[-93.2751048,44.9697702]]}},{"type":"Feature","properties":{"id":1062931105,"name":"Portland Avenue","highway":"tertiary"},"geometry":{"type":"LineString","coordinates":[[-93.2655553,44.9716896],[-93.265647,44.971584],[-93.2657087,44.971513]]}},{"type":"Feature","properties":{"id":1067172931,"name":"Park Avenue","highway":"tertiary"},"geometry":{"type":"LineString","coordinates":[[-93.259157,44.9771208],[-93.2590791,44.9771806],[-93.259007,44.9772372]]}},{"type":"Feature","properties":{"id":1072317926,"name":"South 7th Street","highway":"secondary"},"geometry":{"type":"LineString","coordinates":[[-93.2627283,44.9728491],[-93.262858,44.9729052],[-93.2630684,44.9729962],[-93.2635589,44.9732087],[-93.2636029,44.9732278],[-93.2636791,44.9732603]]}},{"type":"Feature","properties":{"id":1072317927,"name":"South 7th Street","highway":"secondary"},"geometry":{"type":"LineString","coordinates":[[-93.2636791,44.9732603],[-93.2637552,44.9732928],[-93.2639812,44.9733893],[-93.2640892,44.9734355]]}},{"type":"Feature","properties":{"id":1074496936,"name":"5th Avenue South","highway":"secondary"},"geometry":{"type":"LineString","coordinates":[[-93.2646302,44.9749811],[-93.264566,44.9750612],[-93.2641823,44.9755168]]}},{"type":"Feature","properties":{"id":1074496937,"name":"5th Avenue South","highway":"secondary"},"geometry":{"type":"LineString","coordinates":[[-93.2641823,44.9755168],[-93.2638896,44.9758634],[-93.2638576,44.975904]]}},{"type":"Feature","properties":{"id":1078096232,"name":"South 10th Street","highway":"tertiary"},"geometry":{"type":"LineString","coordinates":[[-93.2762291,44.9746472],[-93.2761895,44.97463]]}},{"type":"Feature","properties":{"id":1081125906,"name":"5th Avenue South","highway":"secondary"},"geometry":{"type":"LineString","coordinates":[[-93.2618185,44.9783232],[-93.2616236,44.9785387],[-93.261442,44.9787394],[-93.2613879,44.9787992]]}},{"type":"Feature","properties":{"id":1083983452,"name":"Nicollet Mall","highway":"living_street"},"geometry":{"type":"LineString","coordinates":[[-93.2700069,44.9795685],[-93.270207,44.9793141],[-93.2702861,44.9792134],[-93.2703609,44.9791254],[-93.2704331,44.9790533],[-93.2705416,44.9789476],[-93.2705896,44.9789026],[-93.2706554,44.9788391],[-93.2706905,44.9788053]]}},{"type":"Feature","properties":{"id":1109904027,"name":"3rd Avenue South","highway":"tertiary"},"geometry":{"type":"LineString","coordinates":[[-93.2644945,44.9795157],[-93.264196,44.979878],[-93.2641595,44.9799203],[-93.2641326,44.9799589]]}},{"type":"Feature","properties":{"id":1109904028,"name":"Washington Avenue South","highway":"primary"},"geometry":{"type":"LineString","coordinates":[[-93.2523379,44.9749991],[-93.2519953,44.9748475],[-93.2518463,44.9747829]]}},{"type":"Feature","properties":{"id":1135770816,"name":"South 8th Street","highway":"secondary"},"geometry":{"type":"LineString","coordinates":[[-93.2675933,44.9736268],[-93.2674955,44.9735855],[-93.266372,44.9731115],[-93.2662475,44.9730589]]}},{"type":"Feature","properties":{"id":1135770817,"name":"4th Avenue South","highway":"secondary"},"geometry":{"type":"LineString","coordinates":[[-93.2667953,44.9745779],[-93.2668611,44.9744994],[-93.2672044,44.9740903],[-93.2675347,44.9736966],[-93.2675933,44.9736268]]}},{"type":"Feature","properties":{"id":1135770818,"name":"11th Avenue South","highway":"tertiary"},"geometry":{"type":"LineString","coordinates":[[-93.2572596,44.9705369],[-93.2573196,44.9704663],[-93.2577653,44.9699417],[-93.2580184,44.9696439],[-93.2580848,44.9695868],[-93.258153,44.9695062],[-93.2581989,44.9694031],[-93.2581969,44.9689417],[-93.2581969,44.9688681]]}},{"type":"Feature","properties":{"id":1135770821,"name":"East 16th Street","highway":"residential"},"geometry":{"type":"LineString","coordinates":[[-93.26512,44.9671695],[-93.2649712,44.9671696],[-93.2644206,44.9671699],[-93.2638915,44.9671688],[-93.2636441,44.9671687],[-93.2629084,44.9671682],[-93.2627332,44.9671681],[-93.2626833,44.9671681],[-93.2625713,44.967168]]}},{"type":"Feature","properties":{"id":1135770822,"name":"Park Avenue","highway":"tertiary"},"geometry":{"type":"LineString","coordinates":[[-93.26512,44.9671695],[-93.2651197,44.9672401],[-93.2651163,44.9679974],[-93.265116,44.9680643]]}},{"type":"Feature","properties":{"id":1136571502,"name":"Park Avenue","highway":"tertiary"},"geometry":{"type":"LineString","coordinates":[[-93.2651194,44.9689478],[-93.2651165,44.9690611],[-93.2651163,44.969471],[-93.2651142,44.9698448],[-93.2651174,44.9699417]]}},{"type":"Feature","properties":{"id":1136571503,"name":"South 11th Street","highway":"tertiary"},"geometry":{"type":"LineString","coordinates":[[-93.2701773,44.9707624],[-93.2702212,44.9707811],[-93.2706083,44.9709456]]}},{"type":"Feature","properties":{"id":1136849771,"name":"3rd Avenue South","highway":"tertiary"},"geometry":{"type":"LineString","coordinates":[[-93.2648941,44.979033],[-93.2648655,44.9790669],[-93.264815,44.9791266],[-93.2644945,44.9795157]]}},{"type":"Feature","properties":{"id":1136849772,"name":"South 3rd Street","highway":"secondary"},"geometry":{"type":"LineString","coordinates":[[-93.2648941,44.979033],[-93.2650288,44.9790951],[-93.2650513,44.9791059],[-93.2651568,44.979151],[-93.2656406,44.9793577],[-93.2661331,44.9795682],[-93.2662534,44.9796196]]}},{"type":"Feature","properties":{"id":1180410774,"name":"LaSalle Avenue","highway":"tertiary"},"geometry":{"type":"LineString","coordinates":[[-93.2784683,44.9719033],[-93.2788552,44.9714672]]}},{"type":"Feature","properties":{"id":1180410775,"name":"LaSalle Avenue","highway":"tertiary"},"geometry":{"type":"LineString","coordinates":[[-93.2775243,44.9729562],[-93.2777125,44.9727394],[-93.2777841,44.9726571]]}},{"type":"Feature","properties":{"id":1180410776,"name":"LaSalle Avenue","highway":"tertiary"},"geometry":{"type":"LineString","coordinates":[[-93.2772066,44.9733201],[-93.2773461,44.9731612],[-93.2774351,44.9730588],[-93.2775243,44.9729562]]}},{"type":"Feature","properties":{"id":1180410777,"name":"South 11th Street","highway":"tertiary"},"geometry":{"type":"LineString","coordinates":[[-93.2769807,44.9735837],[-93.2771225,44.9736392]]}},{"type":"Feature","properties":{"id":1180410778,"name":"LaSalle Avenue","highway":"tertiary"},"geometry":{"type":"LineString","coordinates":[[-93.2769807,44.9735837],[-93.277057,44.9734948],[-93.277116,44.9734274],[-93.2772066,44.9733201]]}},{"type":"Feature","properties":{"id":1180410779,"name":"LaSalle Avenue","highway":"tertiary"},"geometry":{"type":"LineString","coordinates":[[-93.2767413,44.9738672],[-93.2768931,44.9736915],[-93.2769807,44.9735837]]}},{"type":"Feature","properties":{"id":1180410780,"name":"LaSalle Avenue","highway":"tertiary"},"geometry":{"type":"LineString","coordinates":[[-93.2763655,44.9743098],[-93.2767413,44.9738672]]}},{"type":"Feature","properties":{"id":1180410781,"name":"South 10th Street","highway":"tertiary"},"geometry":{"type":"LineString","coordinates":[[-93.2761895,44.97463],[-93.2761194,44.9745997]]}},{"type":"Feature","properties":{"id":1180410782,"name":"LaSalle Avenue","highway":"tertiary"},"geometry":{"type":"LineString","coordinates":[[-93.2761194,44.9745997],[-93.2761986,44.9745064],[-93.2763655,44.9743098]]}},{"type":"Feature","properties":{"id":1180410783,"name":"LaSalle Avenue","highway":"tertiary"},"geometry":{"type":"LineString","coordinates":[[-93.2759107,44.9748452],[-93.2759229,44.9748308],[-93.2760639,44.974665],[-93.2761194,44.9745997]]}},{"type":"Feature","properties":{"id":1180410784,"name":"LaSalle Avenue","highway":"tertiary"},"geometry":{"type":"LineString","coordinates":[[-93.2752743,44.9755939],[-93.2753406,44.9755159],[-93.2755055,44.9753219]]}},{"type":"Feature","properties":{"id":1180425522,"name":"Nicollet Avenue","highway":"tertiary"},"geometry":{"type":"LineString","coordinates":[[-93.2778216,44.96773],[-93.2778199,44.9676213],[-93.2778189,44.9674413]]}},{"type":"Feature","properties":{"id":1180425523,"name":"Nicollet Avenue","highway":"tertiary"},"geometry":{"type":"LineString","coordinates":[[-93.2778189,44.9674413],[-93.2778163,44.9672247]]}},{"type":"Feature","properties":{"id":1180425524,"name":"Nicollet Avenue","highway":"tertiary"},"geometry":{"type":"LineString","coordinates":[[-93.277819,44.9683018],[-93.27782,44.9680659],[-93.2778195,44.9678213],[-93.2778216,44.96773]]}},{"type":"Feature","properties":{"id":1180428981,"name":"East Grant Street","highway":"tertiary"},"geometry":{"type":"LineString","coordinates":[[-93.27783,44.9698423],[-93.2777031,44.9698279],[-93.277653,44.9698277],[-93.2771259,44.9698265]]}},{"type":"Feature","properties":{"id":1196879888,"name":"Park Avenue","highway":"tertiary"},"geometry":{"type":"LineString","coordinates":[[-93.2651251,44.9648933],[-93.2651341,44.9652085],[-93.2651361,44.9652791]]}},{"type":"Feature","properties":{"id":1196879889,"name":"East 18th Street","highway":"residential"},"geometry":{"type":"LineString","coordinates":[[-93.2652778,44.965211],[-93.2651341,44.9652085],[-93.2649718,44.9652088],[-93.2648398,44.9652259],[-93.2643577,44.9652349]]}},{"type":"Feature","properties":{"id":1196888553,"name":"East 17th Street","highway":"residential"},"geometry":{"type":"LineString","coordinates":[[-93.2624492,44.9663039],[-93.2625677,44.9662984],[-93.2626854,44.9662971],[-93.2632855,44.9662924],[-93.264202,44.9662852],[-93.2644641,44.9662841],[-93.2645314,44.9662838],[-93.2649134,44.9662795],[-93.264968,44.9662791],[-93.2651355,44.9662785],[-93.2652572,44.9662774],[-93.2658179,44.966275],[-93.2661364,44.9662736],[-93.266794,44.966276],[-93.2675102,44.9662833],[-93.2675398,44.9662874],[-93.2676654,44.9662888]]}},{"type":"Feature","properties":{"id":1196981580,"name":"South 7th Street","highway":"secondary"},"geometry":{"type":"LineString","coordinates":[[-93.2626091,44.9727996],[-93.2627283,44.9728491]]}},{"type":"Feature","properties":{"id":1207506760,"name":"South 1st Street","highway":"tertiary"},"geometry":{"type":"LineString","coordinates":[[-93.2610435,44.9813394],[-93.2607203,44.9812017],[-93.2606673,44.9811791],[-93.2603998,44.9810628],[-93.2601386,44.9809492],[-93.2599603,44.9808717]]}},{"type":"Feature","properties":{"id":1208137407,"name":"James I. Rice West River Parkway","highway":"unclassified"},"geometry":{"type":"LineString","coordinates":[[-93.2601276,44.9813961],[-93.260045,44.9813475],[-93.2599444,44.9812581],[-93.2598621,44.9811655],[-93.2598353,44.9811354],[-93.2597534,44.9810043]]}},{"type":"Feature","properties":{"id":1208333933,"name":"James I. Rice West River Parkway","highway":"unclassified"},"geometry":{"type":"LineString","coordinates":[[-93.2622503,44.9826945],[-93.2622295,44.9826269],[-93.262018,44.9824293],[-93.2618546,44.9822445],[-93.2617716,44.9821587],[-93.2617101,44.9821076],[-93.2616511,44.9820672],[-93.261599,44.9820429],[-93.2615293,44.9820245]]}},{"type":"Feature","properties":{"id":1208333934,"name":"James I. Rice West River Parkway","highway":"unclassified"},"geometry":{"type":"LineString","coordinates":[[-93.2615293,44.9820245],[-93.2614349,44.9819754]]}},{"type":"Feature","properties":{"id":1208333935,"name":"James I. Rice West River Parkway","highway":"unclassified"},"geometry":{"type":"LineString","coordinates":[[-93.2615293,44.9820245],[-93.2615569,44.9820704],[-93.2617499,44.9822489],[-93.2619342,44.9824482],[-93.262166,44.9826633],[-93.2622503,44.9826945]]}},{"type":"Feature","properties":{"id":1212560089,"name":"11th Avenue South","highway":"tertiary"},"geometry":{"type":"LineString","coordinates":[[-93.2528104,44.9758406],[-93.253059,44.975555],[-93.2531234,44.9754768]]}},{"type":"Feature","properties":{"id":1239238403,"name":"3rd Avenue South","highway":"tertiary"},"geometry":{"type":"LineString","coordinates":[[-93.2717592,44.969838],[-93.2717866,44.9698638],[-93.2718496,44.9699127],[-93.27192,44.9699771],[-93.2719661,44.970029],[-93.2720082,44.9700837],[-93.2720348,44.9701456],[-93.2720397,44.9701676],[-93.2720562,44.9702419]]}},{"type":"Feature","properties":{"id":1257039670,"name":"South 4th Street","highway":"secondary"},"geometry":{"type":"LineString","coordinates":[[-93.2602749,44.9757463],[-93.2601698,44.9757008],[-93.2596101,44.9754703],[-93.2591329,44.9752738]]}},{"type":"Feature","properties":{"id":1257661515,"name":"LaSalle Avenue","highway":"tertiary"},"geometry":{"type":"LineString","coordinates":[[-93.2793505,44.9663749],[-93.2793496,44.9663196],[-93.2793605,44.9661507]]}},{"type":"Feature","properties":{"id":1266322154,"name":"Oak Grove Street","highway":"residential"},"geometry":{"type":"LineString","coordinates":[[-93.278705,44.96638],[-93.2792395,44.966374]]}},{"type":"Feature","properties":{"id":1266322155,"name":"Oak Grove Street","highway":"residential"},"geometry":{"type":"LineString","coordinates":[[-93.2792395,44.966374],[-93.2793505,44.9663749],[-93.2794453,44.9663733]]}},{"type":"Feature","properties":{"id":1315365483,"name":"East 15th Street","highway":"tertiary"},"geometry":{"type":"LineString","coordinates":[[-93.2764581,44.9675662],[-93.2765349,44.9676424]]}},{"type":"Feature","properties":{"id":1315365484,"name":"East 15th Street","highway":"tertiary"},"geometry":{"type":"LineString","coordinates":[[-93.2765343,44.9675732],[-93.2764581,44.9675662]]}},{"type":"Feature","properties":{"id":1361344690,"name":"South 8th Street","highway":"secondary"},"geometry":{"type":"LineString","coordinates":[[-93.2737715,44.9762338],[-93.2731522,44.9759738],[-93.2730616,44.9759357],[-93.2729745,44.9758988],[-93.2729325,44.975881]]}},{"type":"Feature","properties":{"id":1363008677,"name":"South 7th Street","highway":"secondary"},"geometry":{"type":"LineString","coordinates":[[-93.2722591,44.9769014],[-93.2723492,44.9769389],[-93.2728735,44.9771595]]}},{"type":"Feature","properties":{"id":1366174690,"name":"Marquette Avenue","highway":"tertiary"},"geometry":{"type":"LineString","coordinates":[[-93.2735537,44.9730718],[-93.2733737,44.9733163],[-93.2733107,44.9733984]]}},{"type":"Feature","properties":{"id":1366174691,"name":"Marquette Avenue","highway":"tertiary"},"geometry":{"type":"LineString","coordinates":[[-93.2736718,44.9729206],[-93.2735537,44.9730718]]}},{"type":"Feature","properties":{"id":1366196963,"name":"2nd Avenue South","highway":"tertiary"},"geometry":{"type":"LineString","coordinates":[[-93.2674785,44.978155],[-93.2678402,44.9777364],[-93.2678787,44.9776919],[-93.267899,44.9776699],[-93.2679313,44.9776349]]}},{"type":"Feature","properties":{"id":1374548878,"name":"East 15th Street","highway":"tertiary"},"geometry":{"type":"LineString","coordinates":[[-93.2765349,44.9676424],[-93.2765796,44.9676748],[-93.276665,44.9677065]]}},{"type":"Feature","properties":{"id":1374548879,"name":"East 15th Street","highway":"tertiary"},"geometry":{"type":"LineString","coordinates":[[-93.2760579,44.967322],[-93.276176,44.9673855],[-93.2763561,44.9674908],[-93.2764581,44.9675662]]}},{"type":"Feature","properties":{"id":1378457907,"name":"Clinton Avenue","highway":"residential"},"geometry":{"type":"LineString","coordinates":[[-93.2715574,44.965777],[-93.2714945,44.9656916],[-93.2714945,44.9653551],[-93.2714945,44.96529],[-93.2714945,44.9652247],[-93.2714945,44.9651562],[-93.2714945,44.964455]]}},{"type":"Feature","properties":{"id":1383093168,"name":"South 5th Street","highway":"residential"},"geometry":{"type":"LineString","coordinates":[[-93.2706905,44.9788053],[-93.2707524,44.9788612],[-93.270794,44.9788978]]}},{"type":"Feature","properties":{"id":1391742480,"name":"South 4th Street","highway":"secondary"},"geometry":{"type":"LineString","coordinates":[[-93.2687626,44.9793468],[-93.2686878,44.9793142],[-93.2685712,44.9792639],[-93.26845,44.979212]]}},{"type":"Feature","properties":{"id":1412285330,"name":"11th Avenue South","highway":"tertiary"},"geometry":{"type":"LineString","coordinates":[[-93.2560169,44.9720286],[-93.2563619,44.9716261],[-93.2563894,44.9715938],[-93.2564659,44.9715038]]}},{"type":"Feature","properties":{"id":1425572052,"name":"3rd Avenue South","highway":"primary"},"geometry":{"type":"LineString","coordinates":[[-93.2635275,44.9806505],[-93.263437,44.9807578],[-93.2632897,44.9809326],[-93.2632222,44.9810121]]}},{"type":"Feature","properties":{"id":1433415745,"name":"3rd Avenue South","highway":"tertiary"},"geometry":{"type":"LineString","coordinates":[[-93.2716076,44.9695978],[-93.271629,44.9696513],[-93.2716592,44.9697049],[-93.271727,44.969797],[-93.2717444,44.9698193],[-93.2717592,44.969838]]}},{"type":"Feature","properties":{"id":1433834588,"name":"4th Avenue South","highway":"residential"},"geometry":{"type":"LineString","coordinates":[[-93.2708,44.9699616],[-93.2707513,44.9699616],[-93.2706065,44.9699654],[-93.2705175,44.9699755]]}},{"type":"Feature","properties":{"id":1442627157,"name":"South 7th Street","highway":"secondary"},"geometry":{"type":"LineString","coordinates":[[-93.2703009,44.9760845],[-93.2707669,44.9762836],[-93.2708693,44.9763273]]}},{"type":"Feature","properties":{"id":1442627158,"name":"South 7th Street","highway":"secondary"},"geometry":{"type":"LineString","coordinates":[[-93.2650068,44.9738205],[-93.2653499,44.9739655],[-93.2653875,44.9739814],[-93.2654501,44.9740078]]}},{"type":"Feature","properties":{"id":1449606575,"name":"Marquette Avenue","highway":"tertiary"},"geometry":{"type":"LineString","coordinates":[[-93.2728273,44.9739778],[-93.2727451,44.9740755]]}},{"type":"Feature","properties":{"id":1449606576,"name":"Marquette Avenue","highway":"tertiary"},"geometry":{"type":"LineString","coordinates":[[-93.2727451,44.9740755],[-93.2725544,44.9743022],[-93.2724786,44.9743927],[-93.272426,44.9744573],[-93.272091,44.9748694],[-93.2717651,44.9752702],[-93.2716944,44.9753571]]}},{"type":"Feature","properties":{"id":1449606577,"name":"Marquette Avenue","highway":"tertiary"},"geometry":{"type":"LineString","coordinates":[[-93.2729673,44.9738113],[-93.2728273,44.9739778]]}},{"type":"Feature","properties":{"id":1503005331,"name":"13th Avenue South","highway":"unclassified"},"geometry":{"type":"LineString","coordinates":[[-93.2533078,44.9712266],[-93.2534064,44.9713659]]}},{"type":"Feature","properties":{"id":1503812181,"name":"Washington Avenue South","highway":"primary"},"geometry":{"type":"LineString","coordinates":[[-93.2551619,44.9761974],[-93.254948,44.9761054]]}},{"type":"Feature","properties":{"id":1504778321,"name":"5th Avenue South","highway":"secondary"},"geometry":{"type":"LineString","coordinates":[[-93.2638576,44.975904],[-93.2638316,44.9759382],[-93.2638194,44.9759544]]}},{"type":"Feature","properties":{"id":1504778323,"name":"Chicago Avenue","highway":"tertiary"},"geometry":{"type":"LineString","coordinates":[[-93.2599758,44.9739825],[-93.2599917,44.9739639],[-93.2600124,44.9739398],[-93.2600751,44.9738732]]}},{"type":"Feature","properties":{"id":1504778329,"name":"Portland Avenue","highway":"tertiary"},"geometry":{"type":"LineString","coordinates":[[-93.2624562,44.9753704],[-93.2624688,44.975354],[-93.2624955,44.9753213]]}},{"type":"Feature","properties":{"id":1505119929,"name":"3rd Avenue Bridge","highway":"primary"},"geometry":{"type":"LineString","coordinates":[[-93.2602033,44.9829648],[-93.2607958,44.9827794],[-93.260951,44.9827266],[-93.2610473,44.9826929],[-93.2611998,44.9826379],[-93.2612924,44.9825992],[-93.2614443,44.9825353],[-93.2615625,44.9824832],[-93.2616596,44.9824381],[-93.2617743,44.9823807],[-93.261881,44.9823231],[-93.2621789,44.9821588]]}},{"type":"Feature","properties":{"id":1526241174,"name":"East 15th Street","highway":"tertiary"},"geometry":{"type":"LineString","coordinates":[[-93.2755362,44.9671688],[-93.2756456,44.9671857],[-93.2757993,44.9672173],[-93.2759306,44.967266],[-93.2760579,44.967322]]}},{"type":"Feature","properties":{"id":1531825375,"name":"Unnamed Road","highway":"unclassified"},"geometry":{"type":"LineString","coordinates":[[-93.2582016,44.9804386],[-93.2581325,44.9805412]]}},{"type":"Feature","properties":{"id":1532144315,"name":"1st Avenue South","highway":"tertiary"},"geometry":{"type":"LineString","coordinates":[[-93.2765756,44.9662791],[-93.276573,44.9663106]]}}]}